model	assets/rechiseled/models/block/inner_stairs_top.json	3088	e1555dc2d2f101a552933eb075e14a582cafd50e3687ab6b6ed7308681d8f555
model	assets/rechiseled/models/block/outer_stairs_top.json	2170	2aa64f0a6e03bd110dcbc8017ff30e7f14569d596902a4f463e06f328c997296
model	assets/rechiseled/models/block/stairs_top.json	2204	1f25b6396f051e6f2cff6e37de1feeca1b9258becfc91fedf2a1f0263d36bc4c
blockstate	assets/rechiseledcreate/blockstates/acacia_window_covered.json	322	25aae90a9b11cf45dc6daaec8ac7d94cbecf8ae1a5f8ccbb51fce8be8fe386e8
blockstate	assets/rechiseledcreate/blockstates/acacia_window_covered_connecting.json	377	5c0cc57a99645f5e8f048b0161ebd23ff4453ec46d5ae2e5c03f31f34d0ddc6d
blockstate	assets/rechiseledcreate/blockstates/acacia_window_diagonal.json	325	d0f61c7ef66fb07e8a06f2bab2d5d421fd456552f233a31b5adc1eb92fc06db7
blockstate	assets/rechiseledcreate/blockstates/acacia_window_diagonal_connecting.json	380	da59471f7ce90ea0571cd597f565de2fb89e1a35a00e892a6d8b89c0caf033d6
blockstate	assets/rechiseledcreate/blockstates/acacia_window_large.json	316	7954e5a54d85dd307bb13d65820e0958b8e59bdd7fe9521954a014711a33a6d1
blockstate	assets/rechiseledcreate/blockstates/acacia_window_large_connecting.json	371	8191ed186687ed5494d60d5f30d54a27a4c356db53d320729710c456a7e1a84d
blockstate	assets/rechiseledcreate/blockstates/acacia_window_panes.json	316	8ee024a1df04481c203b29cb11842c11c0a6d9310b09e0029734a193c6a1aed2
blockstate	assets/rechiseledcreate/blockstates/acacia_window_panes_connecting.json	371	408acc08148ca6eb2d3e74286ff95f3650662316e08f7f1d66df8437985d6956
blockstate	assets/rechiseledcreate/blockstates/acacia_window_rounded.json	322	e2929dcfa4f9ad267b34b99e497f3086cadbed8685e8e6754cf1b37b964c544b
blockstate	assets/rechiseledcreate/blockstates/acacia_window_rounded_connecting.json	377	dcaa670eabc4592018d6728b296bd094e8c4005a716afef47c6608d5388bf024
blockstate	assets/rechiseledcreate/blockstates/acacia_window_slim.json	313	e9bc0a19f7cefb67e75c4aa1cf08f833ca63d9aab73bb000445bd54427c501b2
blockstate	assets/rechiseledcreate/blockstates/acacia_window_slim_connecting.json	368	dbd72c83c73e7d0fdceffa8bb52c1eb78e0762dbb949e58a6a093f90e578076d
blockstate	assets/rechiseledcreate/blockstates/acacia_window_swirling.json	325	e3424783afb92df864f548b6d3c97b1d39aae1d398b270822806aa8c6d54fd1c
blockstate	assets/rechiseledcreate/blockstates/acacia_window_swirling_connecting.json	380	c6fdf5b0fc08c117e10eda5145beb2a9ed781ff5257e46d35d48b58236aa2602
blockstate	assets/rechiseledcreate/blockstates/acacia_window_tiles.json	316	aea39eae7ff8559f4ba8dfb98b4965b5947ac349f7ec6bfe0a79ba4ba5010581
blockstate	assets/rechiseledcreate/blockstates/acacia_window_tiles_connecting.json	371	56e661bbb4709f82e47dfe92a0bd413ed347f66439de299b6e3ebd2dde686d57
blockstate	assets/rechiseledcreate/blockstates/andesite_cut_polished_connecting.json	112	2b1b65296a0417b8c19a82ce6bd4314e52b610d1cf3c355a7bbebe1aa88fee10
blockstate	assets/rechiseledcreate/blockstates/andesite_cut_polished_slab_connecting.json	355	2306a0c4daa2bb9c5197e5c1433a0bf363054c1aa4c7af531dc66c579cbbb516
blockstate	assets/rechiseledcreate/blockstates/andesite_cut_polished_stairs_connecting.json	7224	e882334833f1d889ccb605b61af69055f0f4beb0d0986fbd22e79d998447a8fc
blockstate	assets/rechiseledcreate/blockstates/andesite_cut_small_brick_connecting.json	115	3fcde4f8ae08d4b42eadc8fc93e9bb3dc604e41c56053bb2d1a3e2ddfd8af065
blockstate	assets/rechiseledcreate/blockstates/andesite_cut_small_brick_slab_connecting.json	364	ba4ca16e4cfe225da5f54693074d64680410fb4a61979f6fca2bf1cc3cda5cab
blockstate	assets/rechiseledcreate/blockstates/andesite_cut_small_brick_stairs_connecting.json	7344	1ee375e6b8485316b376db6ef00f3fe0f7d2ba1469a68dbc0c28224bdf135bc1
blockstate	assets/rechiseledcreate/blockstates/asurine_cut_polished_connecting.json	111	4edfd8e9930b9480ec01e0072f097a3d497c6943d025cf7cfe625560323bbdd7
blockstate	assets/rechiseledcreate/blockstates/asurine_cut_polished_slab_connecting.json	352	e2be03df4ab42b5c3738efcf9e21a6703ce67f52434408028e278f6194fca205
blockstate	assets/rechiseledcreate/blockstates/asurine_cut_polished_stairs_connecting.json	7184	4b88b587ffaf9aa85e8e89927bffd3af254fe46c1063fbfb6c872caaaf8434e1
blockstate	assets/rechiseledcreate/blockstates/asurine_cut_small_brick_connecting.json	114	e8808686e8424b8d8a8c7283feedf947ad671ddebb9aa0777f0effd3daf979ba
blockstate	assets/rechiseledcreate/blockstates/asurine_cut_small_brick_slab_connecting.json	361	174f0fe829a7b5a904fcd7632c3d6001ebac1a502dd8b71e60d3ec9eb51c9c61
blockstate	assets/rechiseledcreate/blockstates/asurine_cut_small_brick_stairs_connecting.json	7304	4392f66e2ac22d51a83961b76af6ce0287e0a2baf3b5614f570cbb37300ed938
blockstate	assets/rechiseledcreate/blockstates/birch_window_bars.json	310	2e9d07f367a689230ac9d4314bf23f18ff768fa36b49da5e7cbca1f98d1a2c80
blockstate	assets/rechiseledcreate/blockstates/birch_window_bars_connecting.json	365	bb0b2e044758e3d26ec4e058d038f4a6091fb89a166e181560cbf4fc4c4801b4
blockstate	assets/rechiseledcreate/blockstates/birch_window_diagonal.json	322	a5f9e9ce037ff43aa2d8b5d1c95223e5d1aaafbb8a7b01169db6002230acc5e5
blockstate	assets/rechiseledcreate/blockstates/birch_window_diagonal_connecting.json	377	0a2dce5b88ebb5a9e40036a2cff63f34f89f783e82317485a649a5db492fed26
blockstate	assets/rechiseledcreate/blockstates/birch_window_large.json	313	b3707d1144fc3149179726f388eb172a1a45a83e5a752181dae7d260f9e50ce3
blockstate	assets/rechiseledcreate/blockstates/birch_window_large_connecting.json	368	9d1698418cfd95c4a337ab03fe1b20548096daae2e9d023646807921023139d4
blockstate	assets/rechiseledcreate/blockstates/birch_window_panes.json	313	285bb3481bafe9b859d671ff1903b29361166a43fdbcb366c6c3803a3c75f381
blockstate	assets/rechiseledcreate/blockstates/birch_window_panes_connecting.json	368	1dede1903e7d34a49ef3bf2523faa114da1acca4ba89ae298bfd18ec768546d8
blockstate	assets/rechiseledcreate/blockstates/birch_window_rounded.json	319	d74885374008cf2b2d98458200b47db047357ac84e65b87d5b5b221660f33bb8
blockstate	assets/rechiseledcreate/blockstates/birch_window_rounded_connecting.json	374	9215bd1d79d4ff82b0fd66c1e61f8652de188f1b83d0da67a51261e177855144
blockstate	assets/rechiseledcreate/blockstates/birch_window_slim.json	310	8b1dbb1d5f088dd471fe287437fc4a025617866578c4f48511ee0f69f21f867c
blockstate	assets/rechiseledcreate/blockstates/birch_window_slim_connecting.json	365	6556ad54ef84139bc5a201a8a16ecec8936cd327cbce97789216862d13ec3ba7
blockstate	assets/rechiseledcreate/blockstates/birch_window_swirling.json	322	449c3aeb0eac7ba03809a909ec4fa9461b65ee561ed0283b34bb4a7bc0aebae9
blockstate	assets/rechiseledcreate/blockstates/birch_window_swirling_connecting.json	377	2ba1caf0288cf7867301e82aa6fca87768d15c06cfb127ba6db54daac3f2ab5f
blockstate	assets/rechiseledcreate/blockstates/birch_window_tiles.json	313	4fe5f82a50f99757a9025b24f2f6544f74d1df8beda0ad7c9cf80adac8ef983c
blockstate	assets/rechiseledcreate/blockstates/birch_window_tiles_connecting.json	368	b74fc8b68fe41cace91a5e3a1a86a7da090a8263b65704a2eceffd260ceb0e8c
blockstate	assets/rechiseledcreate/blockstates/calcite_cut_polished_connecting.json	111	551ec5522a3d412cc42682d6174efe0a5f84e64d07306b8074177733c9d2da24
blockstate	assets/rechiseledcreate/blockstates/calcite_cut_polished_slab_connecting.json	352	ff29e9d0f6c19779d38fe3a7dc2caf1027414673dbea5c472fc2d73b5aa4f44c
blockstate	assets/rechiseledcreate/blockstates/calcite_cut_polished_stairs_connecting.json	7184	31bdd584a6a1155549e8622d65054692187c5bff994d2f19f0eac90a4fef8764
blockstate	assets/rechiseledcreate/blockstates/calcite_cut_small_brick_connecting.json	114	73423e8d0d7f98cb7564b479155f6b7d0eeda7d9ee83bdab25f91cb571471879
blockstate	assets/rechiseledcreate/blockstates/calcite_cut_small_brick_slab_connecting.json	361	0630b6f3e16bc3cd219192e16499ad805e8bd829da9f9ece5d1141a79404fea4
blockstate	assets/rechiseledcreate/blockstates/calcite_cut_small_brick_stairs_connecting.json	7304	f32d0a5cea3ca881987cc9909b7f2ae54370e70f89a437d78602a51cb5595dba
blockstate	assets/rechiseledcreate/blockstates/crimsite_cut_polished_connecting.json	112	bcfe299def90b751d83e073535a8896a446ad73cf4fb962fd542967b8f1ed076
blockstate	assets/rechiseledcreate/blockstates/crimsite_cut_polished_slab_connecting.json	355	9a1b1cf662f7bd579ebffc3c2bc86a277a7e546c5ce134c4c202de4e216fafd8
blockstate	assets/rechiseledcreate/blockstates/crimsite_cut_polished_stairs_connecting.json	7224	a3030c48b29e430ce3e438d5f54c42b37cbd7f344fcbdaa82d6038899b8a6990
blockstate	assets/rechiseledcreate/blockstates/crimsite_cut_small_brick_connecting.json	115	0e16225e0ea4fe98c70d01c5b00811707d7d47439083098e88600963eb4e4e90
blockstate	assets/rechiseledcreate/blockstates/crimsite_cut_small_brick_slab_connecting.json	364	9602da91becc89d30dada43c9cabdf38825eec213ae806931df253370593478a
blockstate	assets/rechiseledcreate/blockstates/crimsite_cut_small_brick_stairs_connecting.json	7344	9bfcf495613189ce77188bddf4df32b71bd633b6d0e9ff6d67ed95335692c4b7
blockstate	assets/rechiseledcreate/blockstates/crimson_window_bars.json	316	b734fd9127768a4f7df54deb3421b5d374db007c4ce195f713d2b1f4c949fe29
blockstate	assets/rechiseledcreate/blockstates/crimson_window_bars_connecting.json	371	56c14d691b0871ece4883a5c12ff57c51a77cf4774da6e29f68a9bd638c4d808
blockstate	assets/rechiseledcreate/blockstates/crimson_window_covered.json	325	5adcb28dc25e81f87006f407c400154761be41bc67574ae293ee251a61a95550
blockstate	assets/rechiseledcreate/blockstates/crimson_window_covered_connecting.json	380	ebba6c3bc34a8876576176609845d8c67837dafc2bba9b7555b253241132e7b4
blockstate	assets/rechiseledcreate/blockstates/crimson_window_large.json	319	fa3d4dd5ca5c76da67ac76299c33eb0084b3b2fbaf8e7187c551806df8363468
blockstate	assets/rechiseledcreate/blockstates/crimson_window_large_connecting.json	374	e711181d5a30c8a10b04b8c8e7265d7e8d0c4ee2ad0693661a1cfbbbf64838c7
blockstate	assets/rechiseledcreate/blockstates/crimson_window_panes.json	319	0f04d437341df13364cab3d39921cc77a2145788f20d518f261e5c2b6df1f40f
blockstate	assets/rechiseledcreate/blockstates/crimson_window_panes_connecting.json	374	6f3536b64569f78d4383f0559493cb15d4663c8bb770ab27fc6ad26561b8b94b
blockstate	assets/rechiseledcreate/blockstates/crimson_window_rounded.json	325	8e83973319a225d00034fa178f1ca2c5ff11a91b53e04eeb3adeb674515a0362
blockstate	assets/rechiseledcreate/blockstates/crimson_window_rounded_connecting.json	380	e745478dd872aec3d5688d2cc955e53570f05617f00d5d641ea5ad662bf406ab
blockstate	assets/rechiseledcreate/blockstates/crimson_window_slim.json	316	6745f34cc337e6cd27a27cbcaf9e803c2b622b307968b3d1f10502f0c737a003
blockstate	assets/rechiseledcreate/blockstates/crimson_window_slim_connecting.json	371	ca1650a33f139336903212be7aa136c33a753d7771b42c0403e16cf00eeb0e90
blockstate	assets/rechiseledcreate/blockstates/crimson_window_swirling.json	328	629652dda15145831d1a5211929bbaa8370223d6ea23a2ea7d896ae363b633d5
blockstate	assets/rechiseledcreate/blockstates/crimson_window_swirling_connecting.json	383	91380cdffac2abc661629efff4e04b5987852bfdaf0a6f7967bab465869da381
blockstate	assets/rechiseledcreate/blockstates/crimson_window_tiles.json	319	5c4ff2f3c69d6acc5920f7b810bbe8a28383a792fd344c84e252e4e7fef0a201
blockstate	assets/rechiseledcreate/blockstates/crimson_window_tiles_connecting.json	374	13a0e27c72ec552bbeda76dce3a6ad1cc13c0896f005219677115defc334b9f8
blockstate	assets/rechiseledcreate/blockstates/dark_oak_window_bars.json	319	27c85235585a58d740b73b79defc5605b0229b38c49d659aaaec4d4fb203bac1
blockstate	assets/rechiseledcreate/blockstates/dark_oak_window_bars_connecting.json	374	302a8f27f3e257d11b05bd5cc8725a84e9dc8446a1e54eb7b605c9faab7e0e1f
blockstate	assets/rechiseledcreate/blockstates/dark_oak_window_covered.json	328	d5e37ca89767ad1b38a7bbb4b1f3ad7282686b5195e11b73a23766a25228dbb6
blockstate	assets/rechiseledcreate/blockstates/dark_oak_window_covered_connecting.json	383	75a442189f9780f15558d2abcc8ab9583c68ef87d6b9800b10c0aa8407c5f411
blockstate	assets/rechiseledcreate/blockstates/dark_oak_window_diagonal.json	331	d1b227c74be818ab805d4134243af1f787faa47a7ec65b2d7655e7b3da323a02
blockstate	assets/rechiseledcreate/blockstates/dark_oak_window_diagonal_connecting.json	386	3c18e3c704e6c620af22a9223bc7e6327b7519e602392059db3c9997c985c637
blockstate	assets/rechiseledcreate/blockstates/dark_oak_window_panes.json	322	57a984bef94d8f72852387afcff322b9bb5218c0323bdf8c01b22c067b01e476
blockstate	assets/rechiseledcreate/blockstates/dark_oak_window_panes_connecting.json	377	94e3703a41c9eacb03de7f8afe522d4c1dd6cddf5062b58d4ee1c755d2d4af76
blockstate	assets/rechiseledcreate/blockstates/dark_oak_window_rounded.json	328	70086289e902dd4b53b93b6711d3a6b4da29db51695f883864e901110953733f
blockstate	assets/rechiseledcreate/blockstates/dark_oak_window_rounded_connecting.json	383	0f32f8077be0310a0480d7f5aae90064b23e02580c33147b448aff69fb6c4ad0
blockstate	assets/rechiseledcreate/blockstates/dark_oak_window_slim.json	319	1fd2eaf48de9d6e05c51d5c1e8ae9e824422e65d750bc395c3b2353ca0095262
blockstate	assets/rechiseledcreate/blockstates/dark_oak_window_slim_connecting.json	374	c66e6210e2cd43f0e071b5d86f667f147daa9dcdbd1e2b7525fae21296ff2058
blockstate	assets/rechiseledcreate/blockstates/dark_oak_window_swirling.json	331	07cf6be3e5fdc8071826c6e4f4c10fb38097db622af23f89bb8d6d56298854c1
blockstate	assets/rechiseledcreate/blockstates/dark_oak_window_swirling_connecting.json	386	fe9d34395ff81377c62dc3c58045051db2c9b75b838e65b5b504bed19840f15f
blockstate	assets/rechiseledcreate/blockstates/dark_oak_window_tiles.json	322	bcfc2f6ef1cc64aa98c05ab886f539d770bb3106046d2238c17e0e5c2cc9c954
blockstate	assets/rechiseledcreate/blockstates/dark_oak_window_tiles_connecting.json	377	429bc46061c7e16173caa3846b181b5cb83d692814a74eda5260bb4e341fa330
blockstate	assets/rechiseledcreate/blockstates/deepslate_cut_polished_connecting.json	113	82b9375b7730cf9ed56aa12d6316d587a1768ce81ba9efffcd348d0e4032cfde
blockstate	assets/rechiseledcreate/blockstates/deepslate_cut_polished_slab_connecting.json	358	5f6a49628e13972a5d566d33a68a55a8edaa0c9915f17ea85f607481fb9bcf17
blockstate	assets/rechiseledcreate/blockstates/deepslate_cut_polished_stairs_connecting.json	7264	5958aa62e74765bdebc826a18b63b73139fc9ce002bd61f394ef3fc10f2cd7ba
blockstate	assets/rechiseledcreate/blockstates/deepslate_cut_small_brick_connecting.json	116	23330e36d2c871d995bfe36a4e1ec06f0cf20060673248cacb677b179fc129da
blockstate	assets/rechiseledcreate/blockstates/deepslate_cut_small_brick_slab_connecting.json	367	98a72281544109bf93f8e8e5dc7cdbb0e8d6666a9bf5f079d973ce1678652802
blockstate	assets/rechiseledcreate/blockstates/deepslate_cut_small_brick_stairs_connecting.json	7384	96810d4d6a52c2f426ae583bc1c98e90d98a11e4d103772d58bdb05f659122d1
blockstate	assets/rechiseledcreate/blockstates/diorite_cut_polished_connecting.json	111	15d9541c1c56e76388e3a60f0a8e37a41d0520bf0feaf6781902357305e03f30
blockstate	assets/rechiseledcreate/blockstates/diorite_cut_polished_slab_connecting.json	352	5eba1539e023660733f512ecbb69dd5d506202e348e979424afe0d5b5f1fe828
blockstate	assets/rechiseledcreate/blockstates/diorite_cut_polished_stairs_connecting.json	7184	0619532dbe8c9bbc31769c6ae81ee1ef6caadfb8c95fdd409e4ab03e541b57e8
blockstate	assets/rechiseledcreate/blockstates/diorite_cut_small_brick_connecting.json	114	3a1b62983424420ba16ca794456fff39bf8dba77168e3ac9aa0d962910f47bf3
blockstate	assets/rechiseledcreate/blockstates/diorite_cut_small_brick_slab_connecting.json	361	300777bd3d3bd00e041a9b96259e560293aa8df0bf7ac28c4ea01d0855fcb4f5
blockstate	assets/rechiseledcreate/blockstates/diorite_cut_small_brick_stairs_connecting.json	7304	16dac942f6b21495d771754fac9c574a3d04a29e3e804906903b6e9fb3254da1
blockstate	assets/rechiseledcreate/blockstates/dripstone_cut_polished_connecting.json	113	6acff961aefc8f059c2fdc9892e6c51a0d65e7136e9c29c7f911e71d6758e51b
blockstate	assets/rechiseledcreate/blockstates/dripstone_cut_polished_slab_connecting.json	358	589646988c589c06401a28e14f8e17e1f3fe6c4c615be1faa984c195476d1ff9
blockstate	assets/rechiseledcreate/blockstates/dripstone_cut_polished_stairs_connecting.json	7264	bbaca9caaa55736bf5d215c9bb5e514dcdf562e347dfec8a952f55a9d8af9a58
blockstate	assets/rechiseledcreate/blockstates/dripstone_cut_small_brick_connecting.json	116	d52caabc32d1bf89bdb74ac8b006bbe654b52c11e1623849afbea1843ff2affb
blockstate	assets/rechiseledcreate/blockstates/dripstone_cut_small_brick_slab_connecting.json	367	0d094a489eeaa101ece20f29a9f34c05e04e66ea0cbdf9d106fea5a75bed8fc5
blockstate	assets/rechiseledcreate/blockstates/dripstone_cut_small_brick_stairs_connecting.json	7384	95b898bcc71eea27fb2710bea57136a36e93d1d42c33e023e6e79b6a7a30cd1d
blockstate	assets/rechiseledcreate/blockstates/granite_cut_polished_connecting.json	111	fa9e736c2a8cffda5db1d7809cbbb31e514b51861b828cede44e906df73d7ebb
blockstate	assets/rechiseledcreate/blockstates/granite_cut_polished_slab_connecting.json	352	5a614a40d5f032320587f2ec856cc4e4ee5c50553707f0ca023633a9500c6065
blockstate	assets/rechiseledcreate/blockstates/granite_cut_polished_stairs_connecting.json	7184	2244c656793b4f1fe7ee500798a4a61a3d9c0756bc536248e52f9550c8423c08
blockstate	assets/rechiseledcreate/blockstates/granite_cut_small_brick_connecting.json	114	3fdbe1535ad67414d3307ad517e9546bf0470221f48173622eee0348f80003fd
blockstate	assets/rechiseledcreate/blockstates/granite_cut_small_brick_slab_connecting.json	361	53c0c978e4c785cf551625c15d3f2861fb75d37ac392a543b2c13fb45c015861
blockstate	assets/rechiseledcreate/blockstates/granite_cut_small_brick_stairs_connecting.json	7304	72e80771265bad2d06ab903bf050c9461fbf705f5a6a11c24ef3a8ab3d1acf46
blockstate	assets/rechiseledcreate/blockstates/jungle_window_bars.json	313	e1e1244339521d51ffa28b9d4a6e15d5e4992ec1e2c44da72be1297aa9f72895
blockstate	assets/rechiseledcreate/blockstates/jungle_window_bars_connecting.json	368	db1a6dffa4de3546467d59a8823edb2903b3d78cb3f43b844a6f17abbe594f93
blockstate	assets/rechiseledcreate/blockstates/jungle_window_covered.json	322	c42064c56f6e6c6f7341cdb56c5a0785c525bbd8806825ca21e3bedea67850a5
blockstate	assets/rechiseledcreate/blockstates/jungle_window_covered_connecting.json	377	555835f1fb01676885505b326bcc25c9981b09b0645402128baa141beb24742c
blockstate	assets/rechiseledcreate/blockstates/jungle_window_diagonal.json	325	892f44bc4114278442b2c99c2aa9c858e84c616077c87bc364caf56561938bbd
blockstate	assets/rechiseledcreate/blockstates/jungle_window_diagonal_connecting.json	380	822197d1678826a89a69716d713d3a77a34da22eec27428e409bb38474ae1d99
blockstate	assets/rechiseledcreate/blockstates/jungle_window_large.json	316	de8d1d6778c4eb917ad91e1deabbed71a43db0b472b36dee865201bf6d188307
blockstate	assets/rechiseledcreate/blockstates/jungle_window_large_connecting.json	371	7d7926719d5ca5ad8777132d33a3575e519fd70eb57a686fef49f2f5f34b20b8
blockstate	assets/rechiseledcreate/blockstates/jungle_window_panes.json	316	0775f5d53213c45b3911213062e0e02eea5b87a1a20125ae1fcc360310bd48ad
blockstate	assets/rechiseledcreate/blockstates/jungle_window_panes_connecting.json	371	a52e1e82a1cd75c2833f4733c258351bb588c6f8321216ffd9340fed2dabe75b
blockstate	assets/rechiseledcreate/blockstates/jungle_window_rounded.json	322	70d0171c7cba2c694d79108e2b41815da6d3bb85d842b9caf5e3082a44c949a4
blockstate	assets/rechiseledcreate/blockstates/jungle_window_rounded_connecting.json	377	c4674590cf30e1a25d1059b69121cff8991333e3c7832ecbd8bd0602196eb308
blockstate	assets/rechiseledcreate/blockstates/jungle_window_swirling.json	325	4f8e2e9a1d55e4bd6d44cfe6bed6246f5927e945837d43b67b0671bbe2af5bcc
blockstate	assets/rechiseledcreate/blockstates/jungle_window_swirling_connecting.json	380	779c0b123c0360e99e12cd6bc177c7905fef61213c6086c82a41e8ef45388c93
blockstate	assets/rechiseledcreate/blockstates/jungle_window_tiles.json	316	2031953258601eb6c97a064d5e7dad1195308f3ac726c4b82cc73688fcaae774
blockstate	assets/rechiseledcreate/blockstates/jungle_window_tiles_connecting.json	371	068690f6abb2bcbc89fd47096c7ee68ec84c49dec0d0654fe50088a8e17332bc
blockstate	assets/rechiseledcreate/blockstates/limestone_cut_polished_connecting.json	113	889fc9459f81563db4f4ea4108729d11e28400c80ce75e75dac5bdcd46c5f50e
blockstate	assets/rechiseledcreate/blockstates/limestone_cut_polished_slab_connecting.json	358	160e38aab96c8fdac324a67a719d73cf7ca6b302ded8b6fb02669a687cf87e3a
blockstate	assets/rechiseledcreate/blockstates/limestone_cut_polished_stairs_connecting.json	7264	10ac6f30cbfce94f7a56a0a20160946ce2e6b5d712580ef677c142f5aee8ddef
blockstate	assets/rechiseledcreate/blockstates/limestone_cut_small_brick_connecting.json	116	124c8585ee7c80f9d6a481cefc0322660df57c0bd1b8f3343ea2813170e4b6b8
blockstate	assets/rechiseledcreate/blockstates/limestone_cut_small_brick_slab_connecting.json	367	5055f1caedc087676366312b85cb8805de04e57c65bacaa4ca37a6a974b51ad9
blockstate	assets/rechiseledcreate/blockstates/limestone_cut_small_brick_stairs_connecting.json	7384	6b9525f65db3fa7713e84138b66bb185b53f615f8118a93f775ef03f2cd4d1cb
blockstate	assets/rechiseledcreate/blockstates/mangrove_window_bars.json	319	3366476e9aa30e6fb7e9eed1ef8617e80b549dda86f80bbd187619452285c4c5
blockstate	assets/rechiseledcreate/blockstates/mangrove_window_bars_connecting.json	374	80c95c8cb101a33a1bf81dac7c7950af757664c41cb249c5ad8cfcc7fe733014
blockstate	assets/rechiseledcreate/blockstates/mangrove_window_covered.json	328	67c8cdc2e0231a42e32884bcd2385b303983e9204e5dfcc1ae7b22ff6d8b7444
blockstate	assets/rechiseledcreate/blockstates/mangrove_window_covered_connecting.json	383	c4a6bfd19b2a70690ef4973d07eef9872231e02aee8665d9a1840a45163bdca1
blockstate	assets/rechiseledcreate/blockstates/mangrove_window_diagonal.json	331	02b50c0a93b03ee29379a7169dbc2d467a1b73930bfb23177d200b0cc6a4c84e
blockstate	assets/rechiseledcreate/blockstates/mangrove_window_diagonal_connecting.json	386	3195afb29d32465aa47c0ee423f1409c0f1c13bc15dd380e8f05871b440b7e21
blockstate	assets/rechiseledcreate/blockstates/mangrove_window_large.json	322	b87b619f55b53694802b9da20bb46217ad6e43208a593de8eb6f3ff23630ecde
blockstate	assets/rechiseledcreate/blockstates/mangrove_window_large_connecting.json	377	c6bbb863fa19e2b92e9e16d8359f34630cd3e221c644817d5da11d730cb287d0
blockstate	assets/rechiseledcreate/blockstates/mangrove_window_panes.json	322	fbcffcd8f91483c3a491460a3bdcc0c44ec1abe195d30e9757e159f4a6c80a3b
blockstate	assets/rechiseledcreate/blockstates/mangrove_window_panes_connecting.json	377	dc01d62932f670557aa0d392752c2900c5f9d1bf233bfc60f59dc8f3e5861ebe
blockstate	assets/rechiseledcreate/blockstates/mangrove_window_slim.json	319	4aaabd6fd8ef4bfec011769a0ec740225cebf024474a0458904f14e20ad66b2c
blockstate	assets/rechiseledcreate/blockstates/mangrove_window_slim_connecting.json	374	d7d0c7abdefe92f67b5e96ecb7ec2957414850884607a032d4d56c636ca351fd
blockstate	assets/rechiseledcreate/blockstates/mangrove_window_swirling.json	331	e1cba423954c2103ac550ccf3217a37c71016de465bef563bd6eb045e8391bbe
blockstate	assets/rechiseledcreate/blockstates/mangrove_window_swirling_connecting.json	386	e322685535858e0e5b55d6a41dff4f887a559e1b50dfc2f9e46e34b15f3418db
blockstate	assets/rechiseledcreate/blockstates/mangrove_window_tiles.json	322	1263838b802827a8c2413efa958e1f772f33ff37c282f7277149216ff93e5849
blockstate	assets/rechiseledcreate/blockstates/mangrove_window_tiles_connecting.json	377	c416b5c616c460b42c8cb2b50a75cb2795f674ea5cf7462366885164c5e25c0b
blockstate	assets/rechiseledcreate/blockstates/oak_window_bars.json	304	27bd1f6c8ecdc801b5cc3a6a1a4f24741bdf7e84ce16923f29bcac2b6a708447
blockstate	assets/rechiseledcreate/blockstates/oak_window_bars_connecting.json	359	af7e7df967b3b3e584cc41aacbc73c11be1866b04b4513e173987290ed70efa3
blockstate	assets/rechiseledcreate/blockstates/oak_window_covered.json	313	294fb37b9710d428451334ab8a67b7719affdfd718f8182939bf9e9152a35149
blockstate	assets/rechiseledcreate/blockstates/oak_window_covered_connecting.json	368	bf4fc22eb2a0ba3e117aba64b5a86a79dfac9767a237fca3a40a95c4eb21e316
blockstate	assets/rechiseledcreate/blockstates/oak_window_diagonal.json	316	958bc245fae0e07d06add292b2b178de5aa7335318c5aab49503ba68a7f313cd
blockstate	assets/rechiseledcreate/blockstates/oak_window_diagonal_connecting.json	371	be78d5d9d6baba7857decef252c5100b2c1eb88fc1f162bc6de39914af4c17e3
blockstate	assets/rechiseledcreate/blockstates/oak_window_large.json	307	07ad8034527978b3a99ddd6d1b9a644fb9ec2263cf7d6d0c2d53911db0f62ce6
blockstate	assets/rechiseledcreate/blockstates/oak_window_large_connecting.json	362	0030d276bccf5cc7b20c1cdd521b7ae0375039e479bbbdf5e1e9e151d1e8522a
blockstate	assets/rechiseledcreate/blockstates/oak_window_rounded.json	313	2e484afd5eabcb27f983e1c540a966746daaf53c593f0f48550faba74eca0e72
blockstate	assets/rechiseledcreate/blockstates/oak_window_rounded_connecting.json	368	b98406ff02c284f9c69bcb8c2a1002ea768cda93af5cb2887aa31781a3365a5b
blockstate	assets/rechiseledcreate/blockstates/oak_window_slim.json	304	26d39971a599ccbad4006838b25226a74d288ea848a12539643ad655d4990d05
blockstate	assets/rechiseledcreate/blockstates/oak_window_slim_connecting.json	359	0e6b8b9fe7d593a0dcc950ef40108ca539bff3b246c188b6bbfd07d566aa7c2a
blockstate	assets/rechiseledcreate/blockstates/oak_window_swirling.json	316	9a6b1bdbfd7dba233cf247501f8c3f0f09564bd1c41dd256c60f8161a772de85
blockstate	assets/rechiseledcreate/blockstates/oak_window_swirling_connecting.json	371	af20a1afde6f9be71a5f5eeec6281a1e48540243a2a562a8d7856735def6151a
blockstate	assets/rechiseledcreate/blockstates/oak_window_tiles.json	307	298d72869d1a8a916d2bdaa82240ca6bffd2969750928052ff23a5c554a3276a
blockstate	assets/rechiseledcreate/blockstates/oak_window_tiles_connecting.json	362	7b4f04407dc6738703941f9a5b69d8aae8a79c151ac1d057b8a34f34c4b29c6f
blockstate	assets/rechiseledcreate/blockstates/ochrum_cut_polished_connecting.json	110	f9428d284ce0025978d33fae59fa4407895b57d183b8c47a0629a898277d5814
blockstate	assets/rechiseledcreate/blockstates/ochrum_cut_polished_slab_connecting.json	349	b3c5083ee3c82d3b6549f0d03a67b0e848848a566dd71f2c0209a2b0ff8c0b32
blockstate	assets/rechiseledcreate/blockstates/ochrum_cut_polished_stairs_connecting.json	7144	ecc0e11b9ff300ee4e5594835616173cb30c40bb0a9dfbfffdc9aee2964ff1aa
blockstate	assets/rechiseledcreate/blockstates/ochrum_cut_small_brick_connecting.json	113	8a0088525b2f96dbe69cf243d3a5817b0e26671b8f20c4dc212437fa90d043c2
blockstate	assets/rechiseledcreate/blockstates/ochrum_cut_small_brick_slab_connecting.json	358	9dd3cd9d449251a30f25305982817129eab7038410f94725313eb6a82196b7e1
blockstate	assets/rechiseledcreate/blockstates/ochrum_cut_small_brick_stairs_connecting.json	7264	924bb8522483aeb29bdc3c08d2542cfd23fcf8fb53a840da5ce2747c427e0cde
blockstate	assets/rechiseledcreate/blockstates/rose_quartz_bricks.json	98	4b539223e2ef7068400d6a5595eb74dfe53ffca70da0b90644e9796047e8f444
blockstate	assets/rechiseledcreate/blockstates/rose_quartz_bricks_connecting.json	109	7fface6690227527519d339cd9faaf92e12b7148709afd28cd4d718d6c7e9e80
blockstate	assets/rechiseledcreate/blockstates/rose_quartz_chiseled.json	100	c54dbf65f904cf827e733c5ee3d465401223bbc36b2b76b9f6efbf83a3dcfb67
blockstate	assets/rechiseledcreate/blockstates/rose_quartz_chiseled_connecting.json	111	55ccb5639a54ffec4ae03c7391bb6b536fbca1f93aa62bdb605c8ef100c6bba7
blockstate	assets/rechiseledcreate/blockstates/rose_quartz_crushed.json	99	d42cdddceadcd213175e2a2374b1a3961feffaa8c20168fbb07629bbb41e3627
blockstate	assets/rechiseledcreate/blockstates/rose_quartz_crushed_connecting.json	110	37111234604894c45c8543abfc514e462521b114a4d82fde66f386a48183860e
blockstate	assets/rechiseledcreate/blockstates/rose_quartz_polished_block.json	106	1a1f87bf67ed012d3d23b2ba72afeefd51943828cceebad2cd121be2be377031
blockstate	assets/rechiseledcreate/blockstates/rose_quartz_polished_block_connecting.json	117	588be56190a660f29d16a345ca4768a9f5aed70d52ec9ac46e352ca7052b4991
blockstate	assets/rechiseledcreate/blockstates/rose_quartz_squares.json	99	50eb47743b2ceeb4cbb1aa366bcc8ea7412ff55daec7773e0742be24f5d2fa7a
blockstate	assets/rechiseledcreate/blockstates/rose_quartz_squares_connecting.json	110	823c2ea4429f8cd55ffc87e90a127ce019ca408a4d71d0f88f565ba92f3d31bc
blockstate	assets/rechiseledcreate/blockstates/rose_quartz_tiles_connecting.json	108	aca47e1d478acdd3ed86358f464fd8be833f55e217f1a3ba54faf8b5bd0b5912
blockstate	assets/rechiseledcreate/blockstates/scorchia_cut_polished_connecting.json	112	6598f156f5077f18dcd8ed7f63be2676183043e3e7e7fc8420d16fe2ff6dabb0
blockstate	assets/rechiseledcreate/blockstates/scorchia_cut_polished_slab_connecting.json	355	e638c5ec9283406d9e61c85122ce69c341afc1b975314521455ee2ef2c94890a
blockstate	assets/rechiseledcreate/blockstates/scorchia_cut_polished_stairs_connecting.json	7224	120199a9fc4e43b3f4b4f735c44ef483998bfe908396bb907d94123f878ad652
blockstate	assets/rechiseledcreate/blockstates/scorchia_cut_small_brick_connecting.json	115	f2c90e786f9038650e6d0a343826257b3cb2c1125cc138ffb541ceb8752be1ab
blockstate	assets/rechiseledcreate/blockstates/scorchia_cut_small_brick_slab_connecting.json	364	c65bd4d260a5ca64d832dac6f673f0614c8607901e28ec2ffa7e9771db9e5665
blockstate	assets/rechiseledcreate/blockstates/scorchia_cut_small_brick_stairs_connecting.json	7344	4b53ba3c41853e1d741e28a9514c6d5bdc1e5e626640f15c38f8661b0a7826c0
blockstate	assets/rechiseledcreate/blockstates/scoria_cut_polished_connecting.json	110	3ebcd7a77b05a8293410cc9a8a517290d3f64a56c09a67040a075f831f402c05
blockstate	assets/rechiseledcreate/blockstates/scoria_cut_polished_slab_connecting.json	349	f73cbd28e3489fc709ff2de019ccf936bc6610d652b74a09fc6bffa14d80d1b7
blockstate	assets/rechiseledcreate/blockstates/scoria_cut_polished_stairs_connecting.json	7144	83bb223aba65fdcf311f88d406559a88ded6284075ef70b7f053c885ccacead9
blockstate	assets/rechiseledcreate/blockstates/scoria_cut_small_brick_connecting.json	113	36b21f896e202f74b27b230e92b04bb78cbef8ace5473b98ffa4e0f0c629fc69
blockstate	assets/rechiseledcreate/blockstates/scoria_cut_small_brick_slab_connecting.json	358	7e6ddc2d790fab0e46a5b548d1d620e7843890bd193149ca1df5803680e76fb3
blockstate	assets/rechiseledcreate/blockstates/scoria_cut_small_brick_stairs_connecting.json	7264	85bb53d733ea27422c2e9ed75e594b34c117a688b54b14c40512b62f8369f1cc
blockstate	assets/rechiseledcreate/blockstates/spruce_window_bars.json	313	6e8ed47ac8a1578083b7ab5af2460ed204ee8c6a9dd158a0ed379cf442d18452
blockstate	assets/rechiseledcreate/blockstates/spruce_window_bars_connecting.json	368	98a23cdfd9614e6f10f9d1511e85f1a1ae6f31f2cb2034992d8f7de4f181cc50
blockstate	assets/rechiseledcreate/blockstates/spruce_window_covered.json	322	4766589cf6bb818b5a32eff0a61b69d0d45e0a8ee8713650e725cac4956a5259
blockstate	assets/rechiseledcreate/blockstates/spruce_window_covered_connecting.json	377	b175e68777a5aa771fb0f49968b92f302bef5aab6fbccd9d250a89fd8270e6be
blockstate	assets/rechiseledcreate/blockstates/spruce_window_diagonal.json	325	1c072be49fc7a2f613c5c878dad5238298151919ca3abcb6dbf8b7df24da06f4
blockstate	assets/rechiseledcreate/blockstates/spruce_window_diagonal_connecting.json	380	d6585f7493f7f3a866a757a323f05a67b3d405a9b72ab0c9f7a93616c6fac169
blockstate	assets/rechiseledcreate/blockstates/spruce_window_large.json	316	253babee5af42e9a256ad4e2b17db97c20928ee48a4ff0482209505c879bfa64
blockstate	assets/rechiseledcreate/blockstates/spruce_window_large_connecting.json	371	b6029e90b3c5f05974ec03ab12a13b8d793cdb2765d64cef6080127c550f9d22
blockstate	assets/rechiseledcreate/blockstates/spruce_window_panes.json	316	69f5e8ae08938cbfa48dfceeace82b18d887129942cf67a7749793f666b5aee2
blockstate	assets/rechiseledcreate/blockstates/spruce_window_panes_connecting.json	371	05ae81f626f53360adbb1ff600f527c276e8a54826cf208d7de2f3739a6e36d5
blockstate	assets/rechiseledcreate/blockstates/spruce_window_rounded.json	322	9c74be51ec251a8a883eb80941a28d336409e16b3c6cce49a119224a07782fe4
blockstate	assets/rechiseledcreate/blockstates/spruce_window_rounded_connecting.json	377	f2215f10fee330d04c9cca8012bb38ddcd306e5e6b1a28b6047de881a6fe749d
blockstate	assets/rechiseledcreate/blockstates/spruce_window_slim.json	313	3608410dc1807a3dfdc1f55aae8545376092e3f3aa8680ec2a5e5a162ce95b16
blockstate	assets/rechiseledcreate/blockstates/spruce_window_slim_connecting.json	368	b819da7275529b9ff6f24a8aa11821cae3d87915f8dec3faf02861072a9a3289
blockstate	assets/rechiseledcreate/blockstates/spruce_window_swirling.json	325	d2003f9ebf18fcfd7dfcd02a192ad97e6ce24224494939f587a0eb2a66c65b94
blockstate	assets/rechiseledcreate/blockstates/spruce_window_swirling_connecting.json	380	2d73ad6dcd6bcd4604a00e3bfa0ce02988d5ca3d76f92971b676ddca50bb8ac0
blockstate	assets/rechiseledcreate/blockstates/spruce_window_tiles.json	316	335e057feda1a286a2bf10db22ce941f5abf067860603eb658eae77ca39dab98
blockstate	assets/rechiseledcreate/blockstates/spruce_window_tiles_connecting.json	371	9c37b9c23442365e86bd3dcba5b6de229adf6a0425621b4065530953a8d6a4b8
blockstate	assets/rechiseledcreate/blockstates/tuff_cut_polished_connecting.json	108	de1b5d060a70f4d3bf376ec968a1063ec2245cbe084772326bdb563e1d20d142
blockstate	assets/rechiseledcreate/blockstates/tuff_cut_polished_slab_connecting.json	343	61c9b53cad0dc4b304ee5fb0a58efd1fa91b1c647b3613b0b6843fc2207b920b
blockstate	assets/rechiseledcreate/blockstates/tuff_cut_polished_stairs_connecting.json	7064	703810b244443a1aa1b01861d774b6e2048e0475ae1ac1d37b9563cd8ad4b251
blockstate	assets/rechiseledcreate/blockstates/tuff_cut_small_brick_connecting.json	111	e743d194d1e540611f1cb3b9940c2dbb0947e8aedfd809cbcfdfc2503bcc0d62
blockstate	assets/rechiseledcreate/blockstates/tuff_cut_small_brick_slab_connecting.json	352	f1ea8ff1a90e223e4fa01bbf208bdd3bd240722d446b59597abf40761532ddf1
blockstate	assets/rechiseledcreate/blockstates/tuff_cut_small_brick_stairs_connecting.json	7184	e62d24104ff875131886cdce693e2288415d56d345a59a9e71addcb46e701cc5
blockstate	assets/rechiseledcreate/blockstates/veridium_cut_polished_connecting.json	112	d336621bbc19c7ad85a0cec0eb0002e076eb9d8e63e6e307da4312ada62e7d08
blockstate	assets/rechiseledcreate/blockstates/veridium_cut_polished_slab_connecting.json	355	c8bfadff57876eb914459fb3568d379f4c4b406a7aa87aa94676df4295b38514
blockstate	assets/rechiseledcreate/blockstates/veridium_cut_polished_stairs_connecting.json	7224	1c912e9b570a1f01db9d77a99a6b082f8b65642de62dd1a6a8723c2ec039aeab
blockstate	assets/rechiseledcreate/blockstates/veridium_cut_small_brick_connecting.json	115	5650a234188d867ad5249fdf7e7106b75c1c3c88a765b9f7b151f990a51001dd
blockstate	assets/rechiseledcreate/blockstates/veridium_cut_small_brick_slab_connecting.json	364	9792c01793df702ed5bc9c398a5f2afe2db14f4d80117788aa1951e9c3dbd318
blockstate	assets/rechiseledcreate/blockstates/veridium_cut_small_brick_stairs_connecting.json	7344	5d5b33c214aff34bf0deef40fde682c1a43574a898198588c9ebc366c1da403d
blockstate	assets/rechiseledcreate/blockstates/warped_window_bars.json	313	8dc614e6c711c8fe41b677b004a9fd4705ea2f47cc48d4a6faf36db2ed5d92cf
blockstate	assets/rechiseledcreate/blockstates/warped_window_bars_connecting.json	368	6f5bf7a3fc3279722ffc40604b7b0bed3df6ff000565956f48ad71a33b6a8410
blockstate	assets/rechiseledcreate/blockstates/warped_window_covered.json	322	04ea74f874067c6d14347dc9ee936e3c8c34ee5ddc0bc196263a256f69dba443
blockstate	assets/rechiseledcreate/blockstates/warped_window_covered_connecting.json	377	331326c168c5fc655c7a784b84e1615ec81a2c3d77e345cc5d210a2295d6e22c
blockstate	assets/rechiseledcreate/blockstates/warped_window_diagonal.json	325	a1a48b125a3446b98143cb09baafaf4702efd64a8e229d32cc5d30014bcca735
blockstate	assets/rechiseledcreate/blockstates/warped_window_diagonal_connecting.json	380	9e3fad5687cd37830f37e920fd97364181303fa1a1482b9d414bc94d7fb09c11
blockstate	assets/rechiseledcreate/blockstates/warped_window_large.json	316	61654a0106688f3e859975efb0df53f9389d1f060f452dabc0424d99ae423ae0
blockstate	assets/rechiseledcreate/blockstates/warped_window_large_connecting.json	371	bad0d5ff60f2781dcfe309daa8f19acdcdcc298be85250b5847659d8289aeb4a
blockstate	assets/rechiseledcreate/blockstates/warped_window_panes.json	316	60e7dfbb8420885c5f48695cb10f50c902db5d71d33109371c283e45addd36e1
blockstate	assets/rechiseledcreate/blockstates/warped_window_panes_connecting.json	371	680c35ff9f09fc2a2c6570c2131568fee1253628ebc77936f1aa1e1fead2b94b
blockstate	assets/rechiseledcreate/blockstates/warped_window_rounded.json	322	1ac626c362839928ae5c275e58388f10f193a6933603c811c63f6ee03da890a2
blockstate	assets/rechiseledcreate/blockstates/warped_window_rounded_connecting.json	377	79fa3b7405504c33d2c0dd7119c5d400b887bc1b5d28aa36794fa13275e13b46
blockstate	assets/rechiseledcreate/blockstates/warped_window_slim.json	313	5f334d8a9b83dabb8a50c235a91849953af6fae34190ba4c78df2a71d713c480
blockstate	assets/rechiseledcreate/blockstates/warped_window_slim_connecting.json	368	22756ba3f2720d8af9579e9ba148568418cd43c95045adb07a8e6afb7df2d58b
blockstate	assets/rechiseledcreate/blockstates/warped_window_tiles.json	316	be460c5438985a03fb1dd81020a728c304719e32726a0049fc7808c8378bd7ed
blockstate	assets/rechiseledcreate/blockstates/warped_window_tiles_connecting.json	371	b7ebad2e369b0bb7159b44d6ee72ad841b125898a485ebf38ee6287f05f8a0d2
model	assets/rechiseledcreate/models/block/acacia_window_covered.json	515	b7d3aa1efc0758e7b1afaad581af060f7ef1c9021ad191f9ea5ec40e7ee9d0c2
model	assets/rechiseledcreate/models/block/acacia_window_covered_connecting.json	2759	50bc5bbba3a28264fdfc36095f5d6b3abe828dda338a24d67a4f5627f6a4a4c0
model	assets/rechiseledcreate/models/block/acacia_window_covered_connecting_horizontal.json	332	f8e25f98dfa4d8ac408715449c4ccb0b56343e9b5b6eb0f93f2a68b56c4143ff
model	assets/rechiseledcreate/models/block/acacia_window_diagonal.json	522	f839ca55b3c17bf2dc0dcb379dc575e07d67b927f5924b819de3c6d0dc7aa0dc
model	assets/rechiseledcreate/models/block/acacia_window_diagonal_connecting.json	2769	8de6ab3eb23d79d9bdb777cae991069bb976c8e6844ade1bc3daa25706a333b1
model	assets/rechiseledcreate/models/block/acacia_window_diagonal_connecting_horizontal.json	333	f57a8b21f0bd8d85eec8bed9ed7ff9cf254223426d15c394361a00a3b52974a5
model	assets/rechiseledcreate/models/block/acacia_window_large.json	501	2931d034769971ee8295643f08d26596323604c1b7de898fc7cf2c3e188cf084
model	assets/rechiseledcreate/models/block/acacia_window_large_connecting.json	2739	9e498c4bab87c93bd4c8de216cef40dd3aa4fc8718bd92dc486efb9128ad8084
model	assets/rechiseledcreate/models/block/acacia_window_large_connecting_horizontal.json	330	0ac3a3b430b141b0ea45d6e87861c3e71ed8fa9f7729229a41dad6b888932a50
model	assets/rechiseledcreate/models/block/acacia_window_panes.json	501	d950e934559bf85abda2021ade02f36402a8ac6132fe519a42f8c0e5ccedda29
model	assets/rechiseledcreate/models/block/acacia_window_panes_connecting.json	2739	3004976239b91b40440fbae7fd222609e2d8a0aea6ebebae4dbc173218c885ed
model	assets/rechiseledcreate/models/block/acacia_window_panes_connecting_horizontal.json	330	7235fd128740f55af95c3b9c35df3f1793dd98048ba541f774fbdfd55668d09d
model	assets/rechiseledcreate/models/block/acacia_window_rounded.json	515	e792a64e6e32aed464ffe08396fdc3f13d102478f0b065eb0de2862b3449e31e
model	assets/rechiseledcreate/models/block/acacia_window_rounded_connecting.json	2759	1d51cec43f3bcb3fbd0a340644c4c7abb41357e6085bed04df4cc52858716834
model	assets/rechiseledcreate/models/block/acacia_window_rounded_connecting_horizontal.json	332	eba09ee961cc5bb4b786b82029d8efcffeacdf60d73b0a8231368b2ff745a716
model	assets/rechiseledcreate/models/block/acacia_window_slim.json	494	59e17fee4c436aadf3801ad8840aec31ab8e9fcb1b441e49150847736d036281
model	assets/rechiseledcreate/models/block/acacia_window_slim_connecting.json	2729	77b0ec5c66b712097861e8e9a9f232b1c9ccd24ef10d50a9dc525237e97e1e81
model	assets/rechiseledcreate/models/block/acacia_window_slim_connecting_horizontal.json	329	f1fc22c47b700f271d0fd2d025f2138412eae0b6f96dcb3d5420dd3fad3a0dc0
model	assets/rechiseledcreate/models/block/acacia_window_swirling.json	522	8dcd72f18119a6e2b5221e31514b59f8f6227b73579565dae51ce3c24c72d074
model	assets/rechiseledcreate/models/block/acacia_window_swirling_connecting.json	2769	bc5417d70a862530e10bac231ac7d90708a07a361fed1f24504e537054ac0c60
model	assets/rechiseledcreate/models/block/acacia_window_swirling_connecting_horizontal.json	333	80d27aacb55599cd11fc907074e53691ce336fa83610c80108fd17dfe18388be
model	assets/rechiseledcreate/models/block/acacia_window_tiles.json	501	970ebce19cb063e4d0a2c0dd744ad34393d37cd37571e6c2c71846a6d791a760
model	assets/rechiseledcreate/models/block/acacia_window_tiles_connecting.json	2739	2089d5b68bc169e9ef2556c4f7aaaacb936b397fec1e81d2cfc92cbfdff81f0f
model	assets/rechiseledcreate/models/block/acacia_window_tiles_connecting_horizontal.json	330	e7628387470b555c39bf9f6527f89d648176a1f43839bc7843bf7ef31df8ec2d
model	assets/rechiseledcreate/models/block/andesite_cut_polished_connecting.json	4413	0819331c35d34c6f75c2c18ebe3da828ca0889fa5aa4ee2b262c18663b46edaa
model	assets/rechiseledcreate/models/block/andesite_cut_polished_slab_connecting_bottom.json	4424	df895c213b1093c522d1a1386e1f926e0da6a44265d611a4e3dd9701689d3ac6
model	assets/rechiseledcreate/models/block/andesite_cut_polished_slab_connecting_double.json	4278	4609a976135135fc58bfe473c076a252166e0a4a6fde2c16ccd0830ac8b607e6
model	assets/rechiseledcreate/models/block/andesite_cut_polished_slab_connecting_top.json	4407	0a91edbd963f8c27b78b2a0d46a2a92fc294afad1ea0aecd289272d9636b0dfc
model	assets/rechiseledcreate/models/block/andesite_cut_polished_stairs_connecting_bottom.json	3667	63126eab4e1254a6cd71ad773b4b527f17d00c0918034e1b6b08994e70abb3aa
model	assets/rechiseledcreate/models/block/andesite_cut_polished_stairs_connecting_inner_bottom.json	3673	bde92fff665b89bbcf4ce8bba4324a121f978d17c215d312d4ea1f321ebc6fbc
model	assets/rechiseledcreate/models/block/andesite_cut_polished_stairs_connecting_inner_top.json	3675	703b911f3abf9b6e7a729640d87984392079748bc2d2a1b2a6289293ca1727c7
model	assets/rechiseledcreate/models/block/andesite_cut_polished_stairs_connecting_outer_bottom.json	3673	a35c41ed650bc7288585f97fdf2198f82100079e0c7fabfc3e1b10f3e70366f2
model	assets/rechiseledcreate/models/block/andesite_cut_polished_stairs_connecting_outer_top.json	3675	9635cf0bd97e0b1304624f25df99c304ed724e26c5eaa681198b3dbc451e75d9
model	assets/rechiseledcreate/models/block/andesite_cut_polished_stairs_connecting_top.json	3669	53e90e57f837b1483dc713539bd8eb752870c5d34a0a60e92026d458ec036f38
model	assets/rechiseledcreate/models/block/andesite_cut_small_brick_connecting.json	4473	6897989beba19546489643bc97e330637dcbaf62258196891f074ae9e38455e8
model	assets/rechiseledcreate/models/block/andesite_cut_small_brick_slab_connecting_bottom.json	4469	b114942dc0798d26f9a39d7815b75b03a5e234b80987b64bc8b3f659d6448089
model	assets/rechiseledcreate/models/block/andesite_cut_small_brick_slab_connecting_double.json	4326	9a37124c44a71bb2b73d16f580f62644d364906c7e2ed505f0995b6428dfaab2
model	assets/rechiseledcreate/models/block/andesite_cut_small_brick_slab_connecting_top.json	4452	d903dbf6a9c02de0ca23a8dc6c7fff28c5f5dd65c3c32e8358eb45fce489e95d
model	assets/rechiseledcreate/models/block/andesite_cut_small_brick_stairs_connecting_bottom.json	3712	60c058ce96c65d2d094abde1d4c09fdb0c9d8b0a2dc22875e27df84015c3c0d1
model	assets/rechiseledcreate/models/block/andesite_cut_small_brick_stairs_connecting_inner_bottom.json	3718	09f7ef15b2ba6a6e500f961f3a3f3b21f176544e2248d385aab8790a1f31823e
model	assets/rechiseledcreate/models/block/andesite_cut_small_brick_stairs_connecting_inner_top.json	3720	1d5f2a59d2994143714f7eb49b8c5f8d1bb48e5261a5f93f115aae5f8dbefa96
model	assets/rechiseledcreate/models/block/andesite_cut_small_brick_stairs_connecting_outer_bottom.json	3718	2a55978fb06d861b40d53006a264bd15b5a5a9576625243b2cbd21253be013ea
model	assets/rechiseledcreate/models/block/andesite_cut_small_brick_stairs_connecting_outer_top.json	3720	07f5d2040095bb00dd02925a923a36b9c715a62f46c98f61aac468ad84d9aed5
model	assets/rechiseledcreate/models/block/andesite_cut_small_brick_stairs_connecting_top.json	3714	9b57e7656634c243bed01e7f1f960ee37b2510542ed68990f90f73a8a895f734
model	assets/rechiseledcreate/models/block/asurine_cut_polished_connecting.json	4393	4dfd2a4bded2ea0b4f7e3e1aa1afbec40681436a3c0cae08ee0c04e745107e6e
model	assets/rechiseledcreate/models/block/asurine_cut_polished_slab_connecting_bottom.json	4409	0b3498a7cda16ba5187b7f8d37f2f630bcb1bdd07b32f1794903d7f012c3b7fe
model	assets/rechiseledcreate/models/block/asurine_cut_polished_slab_connecting_double.json	4262	45af59c9af6d3b136a8ac7914e4e6a6ca666d73c644edda7ee8fffac628068e5
model	assets/rechiseledcreate/models/block/asurine_cut_polished_slab_connecting_top.json	4392	5e23481e3d8dfe570ce6d31362808bce341cd30d6b383be994e595747ed4c109
model	assets/rechiseledcreate/models/block/asurine_cut_polished_stairs_connecting_bottom.json	3652	ce581f4984378e14f8073c45b25617cfb1d66b028fd07c74e6c8d0f0985e97e2
model	assets/rechiseledcreate/models/block/asurine_cut_polished_stairs_connecting_inner_bottom.json	3658	f7e43ada6b6a6cab0c017a4f1baf1c701299fa1d9593bb05fba5c853262514bd
model	assets/rechiseledcreate/models/block/asurine_cut_polished_stairs_connecting_inner_top.json	3660	ed1b317874c3d916823fdb94139b70e5e63440326cea0664eaadd7a4ef28dcff
model	assets/rechiseledcreate/models/block/asurine_cut_polished_stairs_connecting_outer_bottom.json	3658	f9166bf8777c967381c18a3e77e62a2b6c3b8f8d6d8cd43708422a0088b4e366
model	assets/rechiseledcreate/models/block/asurine_cut_polished_stairs_connecting_outer_top.json	3660	46b570a7887289b1f1b5b9425913706ee1a63c9e8ec9e81ab899586559ad9991
model	assets/rechiseledcreate/models/block/asurine_cut_polished_stairs_connecting_top.json	3654	237dcc12ed7240b4ee95a79e076f3ac573e3bd7588564e52ffc9a6037d69a02e
model	assets/rechiseledcreate/models/block/asurine_cut_small_brick_connecting.json	4453	b61f79e6075c94972cd114416b9194d0ac5abb29262d1f53e85f5a08de97c610
model	assets/rechiseledcreate/models/block/asurine_cut_small_brick_slab_connecting_bottom.json	4454	c7d8b2c8c144796fd37fa0868205f3026aea3c2c7c2b81b3ec0301bb3fd98fa8
model	assets/rechiseledcreate/models/block/asurine_cut_small_brick_slab_connecting_double.json	4310	8fc240657259c409208807296d5b55cfab561efbd67da57c74450190f7f8e9da
model	assets/rechiseledcreate/models/block/asurine_cut_small_brick_slab_connecting_top.json	4437	cde316f910cab5bfe46fd705d810d043607a0ce2112ff95a0e3a9f08aabe660f
model	assets/rechiseledcreate/models/block/asurine_cut_small_brick_stairs_connecting_bottom.json	3697	01e17e38907d9ea116e03855580acee0182d1de4132d6273e405685e691c7e4f
model	assets/rechiseledcreate/models/block/asurine_cut_small_brick_stairs_connecting_inner_bottom.json	3703	6bbbbca566b48afbe9fce2dfd9d06ac084f2b1d6069b44e0a706ee7e12cb6f2b
model	assets/rechiseledcreate/models/block/asurine_cut_small_brick_stairs_connecting_inner_top.json	3705	31b2dcd82333ba1d2bc2d6243f06f7e5c2c0673edf8b92c41db6da2bb8678e55
model	assets/rechiseledcreate/models/block/asurine_cut_small_brick_stairs_connecting_outer_bottom.json	3703	5f2e1bb45f99c6fac50b3e055eac33b8cfcd1720a81bf5f71240b265aa54a86d
model	assets/rechiseledcreate/models/block/asurine_cut_small_brick_stairs_connecting_outer_top.json	3705	0c6ff43ee529ff2ba193868e053f4f52c4a89b90f1b31a1e7e55c53296adcfe7
model	assets/rechiseledcreate/models/block/asurine_cut_small_brick_stairs_connecting_top.json	3699	9a1754ca997f772d67da8c6f9b5d5e117ebd0c7bd8a48aeee36bccf6c18bd316
model	assets/rechiseledcreate/models/block/birch_window_bars.json	487	6f3319ee0c5a6cf9d869073233b9f9d7cda6481af22dce7201712d1913e6fe64
model	assets/rechiseledcreate/models/block/birch_window_bars_connecting.json	2719	677c79f479e4474a0548536231102877b1c43e9d58fe6d7ba3d86dc56b255326
model	assets/rechiseledcreate/models/block/birch_window_bars_connecting_horizontal.json	328	2c58d0f3ee5297ffcc89ff415f56f818b6a7b38995178057d2c429ff7bece667
model	assets/rechiseledcreate/models/block/birch_window_diagonal.json	515	8cda0112625142d8dd0ab29eda576bc4741b8e7df986bd6bfa3ee433e0b150fe
model	assets/rechiseledcreate/models/block/birch_window_diagonal_connecting.json	2759	503f35b10a6bb66235e9a3e62916cf8a6031e6701b55fbaa75ad7ffb39d16a96
model	assets/rechiseledcreate/models/block/birch_window_diagonal_connecting_horizontal.json	332	1590e08cbf452db9331aa7dfde2552284a26bf6915b0f2ffa7ea264812243cf9
model	assets/rechiseledcreate/models/block/birch_window_large.json	494	e0136a373234826826faa555cab553590201d3ebcab6ccf67815fed842a7d3dd
model	assets/rechiseledcreate/models/block/birch_window_large_connecting.json	2729	234ef1d20b310ab31c852239be03351139ed482ac94fc03948fe825c9b2f3440
model	assets/rechiseledcreate/models/block/birch_window_large_connecting_horizontal.json	329	6d41e1ce22e156231d75ef5a47fac4d8474601f26738798f0de16a9a9997c7eb
model	assets/rechiseledcreate/models/block/birch_window_panes.json	494	5b033211b86c2cd9be4ae47f4fc8fbd00c6d4f274feee6a1087fdf9ee5010010
model	assets/rechiseledcreate/models/block/birch_window_panes_connecting.json	2729	aeba99b6fa61160406f77c2eee991659ba375d9167f184926c3f1266d5634204
model	assets/rechiseledcreate/models/block/birch_window_panes_connecting_horizontal.json	329	3aa14ebf6d11af838d98c87c75c66476887c3306ea3904e675c540f1f029f15d
model	assets/rechiseledcreate/models/block/birch_window_rounded.json	508	27534bcbd8f8dfa8cdacd116a218d5363f99977bbb0170b10862a70952fafa65
model	assets/rechiseledcreate/models/block/birch_window_rounded_connecting.json	2749	e4b92a52a2831e52d94deab532d7bcc95e304e9c498944cbd6b1a8937f7868e3
model	assets/rechiseledcreate/models/block/birch_window_rounded_connecting_horizontal.json	331	7c3d3ddb7775588b8b8b984482cf21652fef48c1fc3f5c68a4f9c7b7c6445163
model	assets/rechiseledcreate/models/block/birch_window_slim.json	487	79c5b5481ec0afcfafd10c1d8f2fd19af63fb679f40bd72548e77a3da4178cbf
model	assets/rechiseledcreate/models/block/birch_window_slim_connecting.json	2719	ac767e6cf98c476497fe1c2f96259fb6679f5e6db1036db9080b260ba7a6db3b
model	assets/rechiseledcreate/models/block/birch_window_slim_connecting_horizontal.json	328	5d540d9b226329991a8b54cdcf65d05ffea96463af4e4bcf282633bf9d37be9d
model	assets/rechiseledcreate/models/block/birch_window_swirling.json	515	3e26e05f39a3e80eb04df8cf4b5b4b444995ef1d4c5a93dc81f6899b772ee7ae
model	assets/rechiseledcreate/models/block/birch_window_swirling_connecting.json	2759	9106cb0f245a1a4aab44c704a8feb16ecbd0afd0ac74a061f70ab55fb1025f1a
model	assets/rechiseledcreate/models/block/birch_window_swirling_connecting_horizontal.json	332	25cfbcfcec1fd39473719da434cd859e550e2cc6e11626b71b70a72313ac11db
model	assets/rechiseledcreate/models/block/birch_window_tiles.json	494	e8257273104bb46e00e9d0f447ca7c81f50f7e5518fb3b1f9c1b69a561545546
model	assets/rechiseledcreate/models/block/birch_window_tiles_connecting.json	2729	416061ba488c09c556b6089c603cc5123b3d381c184dec949f54690eda2d8170
model	assets/rechiseledcreate/models/block/birch_window_tiles_connecting_horizontal.json	329	0d2c1df5fab8995b9aed098a86f9c8da503ea77825d38949e6d792f53a13b066
model	assets/rechiseledcreate/models/block/calcite_cut_polished_connecting.json	4393	1302cdf58f7dbe4951065f662e23a359e112ef22f7d26b55493a04be01fd50c0
model	assets/rechiseledcreate/models/block/calcite_cut_polished_slab_connecting_bottom.json	4409	f1818e409af9088de2ee757e001e895994ff8adcd1f9add069ac099108f0e65a
model	assets/rechiseledcreate/models/block/calcite_cut_polished_slab_connecting_double.json	4262	db457ade3c127837a2ba3c45b1d6b49d517156cbb3023c07bb7178ff631b2e0c
model	assets/rechiseledcreate/models/block/calcite_cut_polished_slab_connecting_top.json	4392	c1f69b0e26b29a8bc9a5076c258f0ea7e3b2adbeffefbdd6124898e5951ef4c1
model	assets/rechiseledcreate/models/block/calcite_cut_polished_stairs_connecting_bottom.json	3652	8ecdb7e78ca261f43a0f3b15a1e00f24456ce0ae1c7527886cf8dafdacf9ab40
model	assets/rechiseledcreate/models/block/calcite_cut_polished_stairs_connecting_inner_bottom.json	3658	f2fde0bb42aeeadd79f5ce88cc50569c60ddc8c66df8f301be1cb9ce500a88a4
model	assets/rechiseledcreate/models/block/calcite_cut_polished_stairs_connecting_inner_top.json	3660	ecf950b65eae23aad4e03674544c51a74b1b61edcc2a0ae0e75b99f780b68582
model	assets/rechiseledcreate/models/block/calcite_cut_polished_stairs_connecting_outer_bottom.json	3658	38be58307bff0524beb69c6dac4ca184f9318e2e8d401d142fe477bbb1d17209
model	assets/rechiseledcreate/models/block/calcite_cut_polished_stairs_connecting_outer_top.json	3660	315f3c74ae91c0069a0d659d0c46723a48880da3a50554de0047845784f7e924
model	assets/rechiseledcreate/models/block/calcite_cut_polished_stairs_connecting_top.json	3654	ff03391f1b3218862cacb0fa10f0f6b37327da06aa4741d90ca93ac9086fecf3
model	assets/rechiseledcreate/models/block/calcite_cut_small_brick_connecting.json	4453	86488e9c25e80cad68fa4f9d56046ca415782b18a99dc71837cc715ee57772b6
model	assets/rechiseledcreate/models/block/calcite_cut_small_brick_slab_connecting_bottom.json	4454	7504ec1f4120ee225f7c91062bb49fc98ac79fe0f66ec8e29ad23c95f326b3f5
model	assets/rechiseledcreate/models/block/calcite_cut_small_brick_slab_connecting_double.json	4310	776e4227eef4ae24c5db17bb2dce25530c30f9410585904123b19de619653051
model	assets/rechiseledcreate/models/block/calcite_cut_small_brick_slab_connecting_top.json	4437	13b56c69d737a98c36739f4641f67059a75b26b07a9fbc2d19aec6f115023ef3
model	assets/rechiseledcreate/models/block/calcite_cut_small_brick_stairs_connecting_bottom.json	3697	dfafa623cc660ef861865954c9df93523b6ba253dbe62b378ac930f15237db29
model	assets/rechiseledcreate/models/block/calcite_cut_small_brick_stairs_connecting_inner_bottom.json	3703	b12e9190953bc8a968f0c4742d8292b65e2be422fb78f61c43f4ba5f31e5db9c
model	assets/rechiseledcreate/models/block/calcite_cut_small_brick_stairs_connecting_inner_top.json	3705	4865fa07ce3e0b807a3897324a3bbf896b3fd729fe813a3fa5d13c19bc8faf9b
model	assets/rechiseledcreate/models/block/calcite_cut_small_brick_stairs_connecting_outer_bottom.json	3703	344bbd517ad00ed2401d53ab285d45d8e512655076a7a723988ea055e5d73d23
model	assets/rechiseledcreate/models/block/calcite_cut_small_brick_stairs_connecting_outer_top.json	3705	4f6891af8582a01e73ab995d7c4f1e6778020d411bf90ae9019ae9b892d1390f
model	assets/rechiseledcreate/models/block/calcite_cut_small_brick_stairs_connecting_top.json	3699	f13b646ba59d1392a1b495e5bb9cc395f6f6b99215d2d21a0d2f32a4c787ce0a
model	assets/rechiseledcreate/models/block/crimsite_cut_polished_connecting.json	4413	fab65eb8ed6973e6dd5ea889af06bba6f54cd82ac44f8a1d166c3c585ebb198d
model	assets/rechiseledcreate/models/block/crimsite_cut_polished_slab_connecting_bottom.json	4424	ef6ca1040592a69df895ffcecac630bc7fba4829b05af20be8123bfb4830440a
model	assets/rechiseledcreate/models/block/crimsite_cut_polished_slab_connecting_double.json	4278	120f89192809e2aae304548eeba53732808699322e85ebe02e1184758413cd56
model	assets/rechiseledcreate/models/block/crimsite_cut_polished_slab_connecting_top.json	4407	40e86ad335d2aced9dc4abe9c599488c9856498a34716e0d82fd1c5e8b674428
model	assets/rechiseledcreate/models/block/crimsite_cut_polished_stairs_connecting_bottom.json	3667	b7fcf38914b67ebd635f07ea25c80876b3a5ce4d33bd39ad2a9b10721ae2048a
model	assets/rechiseledcreate/models/block/crimsite_cut_polished_stairs_connecting_inner_bottom.json	3673	0ac2fb42b1877907e8fa20df496ca502e6631d1297e03bb40cc14cfa23c1dc1f
model	assets/rechiseledcreate/models/block/crimsite_cut_polished_stairs_connecting_inner_top.json	3675	2eabcd77024a8f5c4fe3961c6725a343a9407d94a399ebb9e2d0405f42d09296
model	assets/rechiseledcreate/models/block/crimsite_cut_polished_stairs_connecting_outer_bottom.json	3673	41982f413a6e57eb3d79311e22c1c539da0f40a21ae08f95a3a26a0816061dac
model	assets/rechiseledcreate/models/block/crimsite_cut_polished_stairs_connecting_outer_top.json	3675	4fe74f1fe6873dda5cab154c0d2d772aeb4f30a4151e32bf77ae2b99e4b565a0
model	assets/rechiseledcreate/models/block/crimsite_cut_polished_stairs_connecting_top.json	3669	f1c5274bce7090b3e5b64f17d9f9c61bf8d0466b8f126c9b1c50fcca6151b951
model	assets/rechiseledcreate/models/block/crimsite_cut_small_brick_connecting.json	4473	c8ed1ebfe4cc3cb220c86f0aaf6a1d1edbf94086608597910f6a37f842365453
model	assets/rechiseledcreate/models/block/crimsite_cut_small_brick_slab_connecting_bottom.json	4469	b9b57a6e672f73002e48f276009d6c916cee02f9d4395eed419170f8ebce7b6f
model	assets/rechiseledcreate/models/block/crimsite_cut_small_brick_slab_connecting_double.json	4326	21066761414a822ba3ed0f0614108c88d4e8872126259c30d286ffd125bf41b8
model	assets/rechiseledcreate/models/block/crimsite_cut_small_brick_slab_connecting_top.json	4452	e6bce2bb1219981553762d7fc82223ec9a8f89e6e5d178a66436ea77f54a7cf5
model	assets/rechiseledcreate/models/block/crimsite_cut_small_brick_stairs_connecting_bottom.json	3712	c518a59178ef0f1f5dc63a0a20ae65fca6f971707c90f8b3cafcb9684130c736
model	assets/rechiseledcreate/models/block/crimsite_cut_small_brick_stairs_connecting_inner_bottom.json	3718	6f020238a4218d57c522eb7f90548a15a8169b27e05ee44a603bb43f6a9ce5a0
model	assets/rechiseledcreate/models/block/crimsite_cut_small_brick_stairs_connecting_inner_top.json	3720	0983501a7196c84856999ff9ae6b182b8f485949487c6f29e3137b17882a9b6d
model	assets/rechiseledcreate/models/block/crimsite_cut_small_brick_stairs_connecting_outer_bottom.json	3718	dbe9b7eeea69caaf2793fa826b65beae733d72721bb721af8e78c3437c4419d2
model	assets/rechiseledcreate/models/block/crimsite_cut_small_brick_stairs_connecting_outer_top.json	3720	9199ece36c1c086ff6b9adf53fc27b7bfbd769ac4c783c94bdb050f5b498eefd
model	assets/rechiseledcreate/models/block/crimsite_cut_small_brick_stairs_connecting_top.json	3714	3f4b36bc696c8167d0885ed75a13bf0404268aaa9c0b61fc289a8ad1bfc6e5ce
model	assets/rechiseledcreate/models/block/crimson_window_bars.json	501	6b3881d15404d09c4acd67fbcf5f4578739c342cf025da6a012cfac7b1ccbe94
model	assets/rechiseledcreate/models/block/crimson_window_bars_connecting.json	2739	94c84c08a56159d045507146f5198d6006d90684048fec6922ee535c70e81aa1
model	assets/rechiseledcreate/models/block/crimson_window_bars_connecting_horizontal.json	330	e39990c0b69b4714b2016d06f71d41115d451f582b07f4f9e267c156e3386872
model	assets/rechiseledcreate/models/block/crimson_window_covered.json	522	ec3180f7b995f15e1da87f1fb5b50f6fb04455ec49b31a2534af2d04d484e373
model	assets/rechiseledcreate/models/block/crimson_window_covered_connecting.json	2769	f787b247bd22446796a73e94dae10d12d5878da1c4ec7013b15a9e5558cf9d77
model	assets/rechiseledcreate/models/block/crimson_window_covered_connecting_horizontal.json	333	c94bf1e16f12c07f7c3cce1fa7e25aeb6bfec654e4e5f1b89d229523f4b10649
model	assets/rechiseledcreate/models/block/crimson_window_large.json	508	c6245c1f7ed7cf17ff695b2260fe8c269fb01e2d197d1f8c2b110ece555dff3c
model	assets/rechiseledcreate/models/block/crimson_window_large_connecting.json	2749	fa54e82f7d606dd7b1d551853beae1b1538fe1fdbdc701b39465124b4d08049c
model	assets/rechiseledcreate/models/block/crimson_window_large_connecting_horizontal.json	331	89ad2fff36c4181fe8490bc561884bab5571d62920b6d4b07c593f0b50d60532
model	assets/rechiseledcreate/models/block/crimson_window_panes.json	508	4c60a10f95d2c39f9f968ada48bf9f2024ceaa90b34d55770edb94a9054cfaa5
model	assets/rechiseledcreate/models/block/crimson_window_panes_connecting.json	2749	30eb1dd307a413f87a54503a32105e4890e94a23716b657424fd4bbbced0a484
model	assets/rechiseledcreate/models/block/crimson_window_panes_connecting_horizontal.json	331	5eaf1b74cdb6a1e8f9e4adcfdb7986e4e78b7cfa70368968c559944edf1272a8
model	assets/rechiseledcreate/models/block/crimson_window_rounded.json	522	f9871635362fd6bb14cf27a837417ef7bdfa951a99989a2fe17694dda439b1f3
model	assets/rechiseledcreate/models/block/crimson_window_rounded_connecting.json	2769	ec3bdc20a6d431409c8a42e7222e6d43679e9f92da8c7356ccc8207dec785a3b
model	assets/rechiseledcreate/models/block/crimson_window_rounded_connecting_horizontal.json	333	d15eb12ea14788600917aa05fd17772cd73bc9c5dc661a1eaef9dec089e4fa2c
model	assets/rechiseledcreate/models/block/crimson_window_slim.json	501	179513b18d9870fdd024f31d0c18ff383522b281c60d0f986ac6422be463777a
model	assets/rechiseledcreate/models/block/crimson_window_slim_connecting.json	2739	3c40b7cd44c2fc765fa5e741015fcf67378baaaaa5e496da597a923e53b2b0cc
model	assets/rechiseledcreate/models/block/crimson_window_slim_connecting_horizontal.json	330	ca6d92ed3c70cf654ebcf23b2dd218fcc8a655df02e971c646056fb4be84265e
model	assets/rechiseledcreate/models/block/crimson_window_swirling.json	529	e5cbacad4e5e8ef923e9b4739717bfe3f234c3639567d0a6fc156caaa24d1c0f
model	assets/rechiseledcreate/models/block/crimson_window_swirling_connecting.json	2779	712dfd4c5acb984eadd5d354a0d3eaa5482bcbf1294e9bb2215e2795531ae2ae
model	assets/rechiseledcreate/models/block/crimson_window_swirling_connecting_horizontal.json	334	601a9f7963a0a7c9311de4623dd68d39d68f56a2fe91dd5e5fa9907a856f3520
model	assets/rechiseledcreate/models/block/crimson_window_tiles.json	508	aab63acf9703d23f3e8db1aafbfdd51c7bf3cea69d60b6c09b9e83036edbaecb
model	assets/rechiseledcreate/models/block/crimson_window_tiles_connecting.json	2749	0949f97dbf74ee7c2f1d14876ce1c169c73a38315651f5b7680ee3126c8f56e1
model	assets/rechiseledcreate/models/block/crimson_window_tiles_connecting_horizontal.json	331	80637126f9e62c4a4195f489262c1cc838caa886df883ef969be96452a4fefbc
model	assets/rechiseledcreate/models/block/dark_oak_window_bars.json	508	14df1ba2ab6a0c9d998c8bf35fcb62e1894e6837190e7b1c32c8a2ec6833a1ba
model	assets/rechiseledcreate/models/block/dark_oak_window_bars_connecting.json	2749	7bb997a53e1587f9c545be8ca5882474498917a9c43f547fbf718768b5291f4f
model	assets/rechiseledcreate/models/block/dark_oak_window_bars_connecting_horizontal.json	331	cf992d791ba150e35d3dbed8bb81a5075d28983b4598d075e3cd43a875439966
model	assets/rechiseledcreate/models/block/dark_oak_window_covered.json	529	648bf5934d9a9cf49305f762bc50f169fd0a530043d796a504a68388c7bf1028
model	assets/rechiseledcreate/models/block/dark_oak_window_covered_connecting.json	2779	a5614d7caaf6272989256d35b8384d7d981f20a1f74221c7346656481bac5ae9
model	assets/rechiseledcreate/models/block/dark_oak_window_covered_connecting_horizontal.json	334	4738e1d5654815b95c5412958a292da803c1676b064f293bc3f82028f64ef936
model	assets/rechiseledcreate/models/block/dark_oak_window_diagonal.json	536	3271c0ca8e89072dcae7747ac91ee62d03dff8fc82d7ae1b3216025905bd3ce6
model	assets/rechiseledcreate/models/block/dark_oak_window_diagonal_connecting.json	2789	e83a95615410d5c2423b533fb07db4bdc3061ddc18c2eb28707a1b8ff5206a8b
model	assets/rechiseledcreate/models/block/dark_oak_window_diagonal_connecting_horizontal.json	335	d39e6550a3260b4bbbee365a3dfeba52ba3b467fc850035b0dfc50a379bc68c9
model	assets/rechiseledcreate/models/block/dark_oak_window_panes.json	515	04e395c9f489c3a00f7741ad6d8d7488089459c9af6aaf0122ecc1911592f842
model	assets/rechiseledcreate/models/block/dark_oak_window_panes_connecting.json	2759	316dd25fd99bb7c0294df44c13ba69ffe329ac897ae9f408a02a5ef8e407b8ee
model	assets/rechiseledcreate/models/block/dark_oak_window_panes_connecting_horizontal.json	332	87bcc5b3fee3e6372b061ad9345ac4ef830ab406d80a1f4e2304ff00056e3c19
model	assets/rechiseledcreate/models/block/dark_oak_window_rounded.json	529	113c93fc33dfe9af20a4bf57b24c651bc8617e38d5e9c68f845fd4f9b2d82e05
model	assets/rechiseledcreate/models/block/dark_oak_window_rounded_connecting.json	2779	d7ba17efb5d2a378f2f8b829835b5274d692e4ee669b33da355aa2fed112dea8
model	assets/rechiseledcreate/models/block/dark_oak_window_rounded_connecting_horizontal.json	334	76497982d0c0da544f3a7f65e3b07c147a6d915b5b5ffbaea54801e6fcac328b
model	assets/rechiseledcreate/models/block/dark_oak_window_slim.json	508	6b0a38ce4ade7fa1ca987445764254eec0e2b0ac2c2c3984be52a7bebbf2857d
model	assets/rechiseledcreate/models/block/dark_oak_window_slim_connecting.json	2749	ce511edc9ec2f8824d1db29825f0c452bf6231fc480194a32cfa505819e584be
model	assets/rechiseledcreate/models/block/dark_oak_window_slim_connecting_horizontal.json	331	49acd9e0ad1ef9e2164e95f300b7787322e18ccdcf0db6d4217346aed7d989df
model	assets/rechiseledcreate/models/block/dark_oak_window_swirling.json	536	c91d6a6bf4b4e2b206f97a70d053f45517e51d9b004e158c9c1fc92a9060d92d
model	assets/rechiseledcreate/models/block/dark_oak_window_swirling_connecting.json	2789	ac04c5feae875943d23c01bd10c9a61d198070fa53c22807398610d2ec0accbb
model	assets/rechiseledcreate/models/block/dark_oak_window_swirling_connecting_horizontal.json	335	56c8c79780417d801d7fb63ddb2be3470591d579ef5d87a192e06cf805d071ee
model	assets/rechiseledcreate/models/block/dark_oak_window_tiles.json	515	6e8510322889d36b7752e7266d7ea802c9e419d97890ac407700cf983635c2ec
model	assets/rechiseledcreate/models/block/dark_oak_window_tiles_connecting.json	2759	421bd0018d055932f43a6c2f65c869169c1519bf6d3f2087c57a09433c69b457
model	assets/rechiseledcreate/models/block/dark_oak_window_tiles_connecting_horizontal.json	332	f0ad8d60202c43408ec596cdd68f80c2356a94f9b6249c8734289ab05710a997
model	assets/rechiseledcreate/models/block/deepslate_cut_polished_connecting.json	4433	2609905a50c11164685b87663c5ad084767ef86d53bb4c0068331aa98cfba602
model	assets/rechiseledcreate/models/block/deepslate_cut_polished_slab_connecting_bottom.json	4439	da335af2246754de45d3aff19bf211af011a1b679c0860f59b2423aa1c2096e5
model	assets/rechiseledcreate/models/block/deepslate_cut_polished_slab_connecting_double.json	4294	f15eefb97fdc00d305447737cdade76eab07fbbaf34a836ee48df50760cce099
model	assets/rechiseledcreate/models/block/deepslate_cut_polished_slab_connecting_top.json	4422	f9ed9a8c70740431ab2f3793d093ae6238f61d0584b1774074a62a6c867d414c
model	assets/rechiseledcreate/models/block/deepslate_cut_polished_stairs_connecting_bottom.json	3682	26fa3897aa8105eaa7a66157141e05c8f5c2eacb5ebfdfa6ec5e944f79c29fb3
model	assets/rechiseledcreate/models/block/deepslate_cut_polished_stairs_connecting_inner_bottom.json	3688	11df8de9aeab51f850aefe8fec5f4224a14a5c7b122c33c088c341fb8e9b7386
model	assets/rechiseledcreate/models/block/deepslate_cut_polished_stairs_connecting_inner_top.json	3690	7c6a9bbcb0795e78e761e9b20efd391a97961dd59308711aea3c0587a613896f
model	assets/rechiseledcreate/models/block/deepslate_cut_polished_stairs_connecting_outer_bottom.json	3688	f33affb31fe5ec506fa07212dc53cabf20e7354b7bc2f288f99c68d512c93be4
model	assets/rechiseledcreate/models/block/deepslate_cut_polished_stairs_connecting_outer_top.json	3690	9e256efdcf6cc7719c9f0513a7fb09972c1b3f65517380d11614af27ffd8d66b
model	assets/rechiseledcreate/models/block/deepslate_cut_polished_stairs_connecting_top.json	3684	416b760f2498d869da196bdac1fb3bdc6859e1e3d6de7971a13bd1736fbbcd51
model	assets/rechiseledcreate/models/block/deepslate_cut_small_brick_connecting.json	4493	1255440610dd080976b623d54d6b3f0f293d4abc063200c3a381688a17b53869
model	assets/rechiseledcreate/models/block/deepslate_cut_small_brick_slab_connecting_bottom.json	4484	a1dbb2e8867080eb3e833b1a5c765b30cde4afbe2f962fb266c7cc78b9d264f9
model	assets/rechiseledcreate/models/block/deepslate_cut_small_brick_slab_connecting_double.json	4342	44c44a42b8b293e8035ae2b65fe2a78357c108689d5627d0735d60c2f576fc46
model	assets/rechiseledcreate/models/block/deepslate_cut_small_brick_slab_connecting_top.json	4467	850671aeff1497c2894f83465581a2fc1371c2c72a036e3740ae4f1eb1aaef00
model	assets/rechiseledcreate/models/block/deepslate_cut_small_brick_stairs_connecting_bottom.json	3727	ffaef9f9b9fc0c3c0a4df2730dd613005f1215a4285603140dbffca49319d1ab
model	assets/rechiseledcreate/models/block/deepslate_cut_small_brick_stairs_connecting_inner_bottom.json	3733	6e320ece964bf6f3b504e37e44f626cbd9089ed4a5f10860817526be9255b012
model	assets/rechiseledcreate/models/block/deepslate_cut_small_brick_stairs_connecting_inner_top.json	3735	0c718c0259ce253fbcf28c623e4591fc5769c374efedb34c7401d89d0c39bc73
model	assets/rechiseledcreate/models/block/deepslate_cut_small_brick_stairs_connecting_outer_bottom.json	3733	7eb4582b6e79951f290a7f9d891c85696334f8aec99749c201b34d69f53a780a
model	assets/rechiseledcreate/models/block/deepslate_cut_small_brick_stairs_connecting_outer_top.json	3735	b7beb57a0ecc218fba615517f2a47b109ed0c896259bcf4bdbbc3d6d672c6077
model	assets/rechiseledcreate/models/block/deepslate_cut_small_brick_stairs_connecting_top.json	3729	0bd3beec660472ce3f71b061dc5e9dbdff4a6d7a43434640a18fb18aa560da9d
model	assets/rechiseledcreate/models/block/diorite_cut_polished_connecting.json	4393	978cbbf51085dd9d44a6b1867d05497add95fda625314ecf05d9dec187f26ada
model	assets/rechiseledcreate/models/block/diorite_cut_polished_slab_connecting_bottom.json	4409	fd412955ab90825879d76826c1277f6c968bccb7c6fef29917da89d8bb58e9ab
model	assets/rechiseledcreate/models/block/diorite_cut_polished_slab_connecting_double.json	4262	8797c2dbc4b098f5d03f6baa4ee3f4447597982b2ced0d9caf35715c2aefc45d
model	assets/rechiseledcreate/models/block/diorite_cut_polished_slab_connecting_top.json	4392	3c8dfb445904c22d70a93db5766ec01e27b1e22afebd27a3b1474a9f75bd63f1
model	assets/rechiseledcreate/models/block/diorite_cut_polished_stairs_connecting_bottom.json	3652	629427b572c9edc69b6ca361917dc60bfa72175acc099ec1a6cba665ca35b63e
model	assets/rechiseledcreate/models/block/diorite_cut_polished_stairs_connecting_inner_bottom.json	3658	5a94e403fc79d78c785806ef829c75f35a0b8c02cf8725d182def95fbf81e8db
model	assets/rechiseledcreate/models/block/diorite_cut_polished_stairs_connecting_inner_top.json	3660	122a9393c4f1e7df4822fe9600b197c21a0e66f9bdb0825402e3c4f4e69eb42a
model	assets/rechiseledcreate/models/block/diorite_cut_polished_stairs_connecting_outer_bottom.json	3658	84c1cbc630f23eecfcbbab370ed544676db7a7e4efe566913575049f8a6b1783
model	assets/rechiseledcreate/models/block/diorite_cut_polished_stairs_connecting_outer_top.json	3660	9fda48f41d8f297bb00ef69d03f2f8255bec9c672d55bbf4d18cb5609770653d
model	assets/rechiseledcreate/models/block/diorite_cut_polished_stairs_connecting_top.json	3654	2fa848fdd31388a4dd0a66eabedb561157c48402400b1679be98d3591039484c
model	assets/rechiseledcreate/models/block/diorite_cut_small_brick_connecting.json	4453	e5c143df60dfb5d216a4495499c71ad65356ccc79cc70b2b885e53a991ed07b1
model	assets/rechiseledcreate/models/block/diorite_cut_small_brick_slab_connecting_bottom.json	4454	477a24d18ec47329de48d5a40c9c32b3c38111558c2df4307b4d954dee3b8f92
model	assets/rechiseledcreate/models/block/diorite_cut_small_brick_slab_connecting_double.json	4310	762d3477ab4a116bacdb972b1a2b426d4ffcb148cab416be89aa199a66b9be93
model	assets/rechiseledcreate/models/block/diorite_cut_small_brick_slab_connecting_top.json	4437	ffe6cbe4704cd0815f404cb5794130689f4d9f25dc51497f51cbd2eb3faca6e6
model	assets/rechiseledcreate/models/block/diorite_cut_small_brick_stairs_connecting_bottom.json	3697	f0c4d28487384d32df97120bf343a47a0637fa00dec220198aa916c9b25e25cf
model	assets/rechiseledcreate/models/block/diorite_cut_small_brick_stairs_connecting_inner_bottom.json	3703	cf64236759814f235202c84154d378f887d364df286dad4a3158a270f249ab10
model	assets/rechiseledcreate/models/block/diorite_cut_small_brick_stairs_connecting_inner_top.json	3705	343292f6c326c2608a6f725dad8a4eab75493c5bc6d94da81a352e91293680ba
model	assets/rechiseledcreate/models/block/diorite_cut_small_brick_stairs_connecting_outer_bottom.json	3703	7060b9dab4f5edb51ebc329b5c673d309810ee39ce7fa3e9f318809d18b93114
model	assets/rechiseledcreate/models/block/diorite_cut_small_brick_stairs_connecting_outer_top.json	3705	65c067e28b1e4c5a2ebe9dc30e72b7b5745f0d0fbae9d672777f9413457e15a0
model	assets/rechiseledcreate/models/block/diorite_cut_small_brick_stairs_connecting_top.json	3699	7b105ac2a00160f2e3355cfc370e0fd96953e3587488980faa81dfe36825762f
model	assets/rechiseledcreate/models/block/dripstone_cut_polished_connecting.json	4433	d1290c63451a6d05c60947d3edb1dc418ed411f85b439c9f314500cfbc6d2cef
model	assets/rechiseledcreate/models/block/dripstone_cut_polished_slab_connecting_bottom.json	4439	2887353f787864ecf3e5ad55c7e2b7f1970568dc3103a06f1ab82a2a9da411e6
model	assets/rechiseledcreate/models/block/dripstone_cut_polished_slab_connecting_double.json	4294	30e448bbf8ebdec2c92ee5df63c75fdf2416a2106f07c156136513a2dc1cf413
model	assets/rechiseledcreate/models/block/dripstone_cut_polished_slab_connecting_top.json	4422	ce0a2f06c12a00634158f5783536c099ffcd8c97cb43e62eb99e95ca7970677d
model	assets/rechiseledcreate/models/block/dripstone_cut_polished_stairs_connecting_bottom.json	3682	e5fc8d9d17abc9541156ea879adc83221b5f326bbeb5dfbd4ea5bfe493fce61b
model	assets/rechiseledcreate/models/block/dripstone_cut_polished_stairs_connecting_inner_bottom.json	3688	dfbb9d19776c9664931909d35e232b341b0b0d98221552bf9d84b9df6f8c67d6
model	assets/rechiseledcreate/models/block/dripstone_cut_polished_stairs_connecting_inner_top.json	3690	c5e3adbada9dbd7fba3419147f3d6f4ffcca792e4a4060a68cf450fc40449f6b
model	assets/rechiseledcreate/models/block/dripstone_cut_polished_stairs_connecting_outer_bottom.json	3688	a3c1673a7f144e164c2df00809f75d49a2d3e3b62774d48176c026edb1db0e98
model	assets/rechiseledcreate/models/block/dripstone_cut_polished_stairs_connecting_outer_top.json	3690	3930e0f9cf0772a6a66cacaa004da9c27b4d58bafb39894de5a708ba53edb828
model	assets/rechiseledcreate/models/block/dripstone_cut_polished_stairs_connecting_top.json	3684	0acc77e50ad73cf90becd81d625cbf1b5c2dd61a15df16afcbd3b458302c417b
model	assets/rechiseledcreate/models/block/dripstone_cut_small_brick_connecting.json	4493	c0c95bb7a4df37e63645719e54024e024898ffd50089b22775e0c7fa262d7830
model	assets/rechiseledcreate/models/block/dripstone_cut_small_brick_slab_connecting_bottom.json	4484	89efede5cc4c4c6bad1036f948706a0b54c7a4262e1be00612728881aeb44e8a
model	assets/rechiseledcreate/models/block/dripstone_cut_small_brick_slab_connecting_double.json	4342	ad27bd973b11744dc7143712376e85769e66d861beafdd64534534af312bdf0f
model	assets/rechiseledcreate/models/block/dripstone_cut_small_brick_slab_connecting_top.json	4467	cd3285a8493086dbf1fe1636f3cd60b4e86021d1649fa71a7d595e11a28ec53a
model	assets/rechiseledcreate/models/block/dripstone_cut_small_brick_stairs_connecting_bottom.json	3727	de4b5e4add7fd96c9dcf897d30629451432cef2bc9963459e81a626bfd8b388a
model	assets/rechiseledcreate/models/block/dripstone_cut_small_brick_stairs_connecting_inner_bottom.json	3733	499df66105b00b0c61dae14c2e61d6307ad4dbaa241ac5edff9cbb04ec9c47a1
model	assets/rechiseledcreate/models/block/dripstone_cut_small_brick_stairs_connecting_inner_top.json	3735	011b880ac875c0d07e86da47c118da1afdcd6f6a225e383368d04050991e7395
model	assets/rechiseledcreate/models/block/dripstone_cut_small_brick_stairs_connecting_outer_bottom.json	3733	a337a5f55779d4d6f8d5a586d8b54009a0c464587c3ae299e68fe78445939278
model	assets/rechiseledcreate/models/block/dripstone_cut_small_brick_stairs_connecting_outer_top.json	3735	2a98dd0833ec2f53332205f6ff1aed17027cc23bc82b9949a29d8c48b2ded67d
model	assets/rechiseledcreate/models/block/dripstone_cut_small_brick_stairs_connecting_top.json	3729	e16dc0cc1670e5e2a99c209e0f613130a33dd286d9f106814fb32d21b6e585aa
model	assets/rechiseledcreate/models/block/granite_cut_polished_connecting.json	4393	bb2984efcc63b4dc8f77af772ddd03b5a103c29b3480bcdd2fb0ea34bf20f121
model	assets/rechiseledcreate/models/block/granite_cut_polished_slab_connecting_bottom.json	4409	6b286cddb554122a8c5e545367baa1eb6e4bdd5eacfe5ef27b2a94fb0676fc9c
model	assets/rechiseledcreate/models/block/granite_cut_polished_slab_connecting_double.json	4262	92b7651d4d4b5ece919e47728a48c1c19bc7c9e606d2a6e5d76b035e49d3b664
model	assets/rechiseledcreate/models/block/granite_cut_polished_slab_connecting_top.json	4392	d80157c6f08b6dbca04fd7a9d97f30e569c31ec51fe9320ea866ca152bc4cc41
model	assets/rechiseledcreate/models/block/granite_cut_polished_stairs_connecting_bottom.json	3652	3175e27312da3a0a7e8f97cdea79e0ccf3bbe1e35ba8bacba082b86e61eb8693
model	assets/rechiseledcreate/models/block/granite_cut_polished_stairs_connecting_inner_bottom.json	3658	157f46f3bdbba1ed4f089b2737f524dfe4ecb6362634e96480345015964f7166
model	assets/rechiseledcreate/models/block/granite_cut_polished_stairs_connecting_inner_top.json	3660	5fa198897a676f1d3b889811504b7f19daacc5a5963295e5307eb95df715cb4e
model	assets/rechiseledcreate/models/block/granite_cut_polished_stairs_connecting_outer_bottom.json	3658	41dd2690b97ec66677d2a3dad97c0215d254253311e98b3098e47552ea3b989b
model	assets/rechiseledcreate/models/block/granite_cut_polished_stairs_connecting_outer_top.json	3660	282c8d55ca3c036d6b22517a09e5e75812e5f082911cc9c8667e963ccf87cd8e
model	assets/rechiseledcreate/models/block/granite_cut_polished_stairs_connecting_top.json	3654	d309f1e10cad5d022b5a7c1b5af1143c41048c83b9022bd8c3aa0ff5ce43b662
model	assets/rechiseledcreate/models/block/granite_cut_small_brick_connecting.json	4453	bdd729ba8bf4109fa161a66c75dd382946fff16a01134687d409f182d2099599
model	assets/rechiseledcreate/models/block/granite_cut_small_brick_slab_connecting_bottom.json	4454	c9e88c61f3925d7e46acf594d85737cc4d7ffc773fe34d653b8afc3733822f6d
model	assets/rechiseledcreate/models/block/granite_cut_small_brick_slab_connecting_double.json	4310	af5ddcd45844009da23e291bd271533be24701ff0321cc08fcb60f9543dfec78
model	assets/rechiseledcreate/models/block/granite_cut_small_brick_slab_connecting_top.json	4437	26b6f0e8bd4cc82f52eddc4dd386fb61ad83e8bc2c06ab14684b2de1d49dc66f
model	assets/rechiseledcreate/models/block/granite_cut_small_brick_stairs_connecting_bottom.json	3697	69ca200064295f20c24e808d2d8828ac09c575b2a952d15f9db93d4b54fd2b58
model	assets/rechiseledcreate/models/block/granite_cut_small_brick_stairs_connecting_inner_bottom.json	3703	49d93740c83e16aa43c2abbcdefdb560bab002d30b9548cd3f7a51f62c4d2ae3
model	assets/rechiseledcreate/models/block/granite_cut_small_brick_stairs_connecting_inner_top.json	3705	570070117e1ecec5265dda48096c2b42ad219173feb86f8ca4e87ec64200c897
model	assets/rechiseledcreate/models/block/granite_cut_small_brick_stairs_connecting_outer_bottom.json	3703	4d73cc811a1be55b1e2debd90d194565e1ed1c60f3d8d4da533304d94b4c6d0c
model	assets/rechiseledcreate/models/block/granite_cut_small_brick_stairs_connecting_outer_top.json	3705	c1f69aa2d92fc92017bfe22fe6d0afbbd052061b82d050f9595d10b8e593e2e8
model	assets/rechiseledcreate/models/block/granite_cut_small_brick_stairs_connecting_top.json	3699	75ea9570860bf84b28d0f0b337a4d4c189eea75a3759d4b73f7a0603607cde86
model	assets/rechiseledcreate/models/block/jungle_window_bars.json	494	b3c83f074ee164ff80a3c5e1bc97fa638d3d8c6434bf5e98c149ee3521a1a03a
model	assets/rechiseledcreate/models/block/jungle_window_bars_connecting.json	2729	3c6f5bb0471f1f9b667a42a2d433c528b3bb0b527babb8d56e01b59b0bce3f3a
model	assets/rechiseledcreate/models/block/jungle_window_bars_connecting_horizontal.json	329	3f5d28645d7f72e84c86f7c395bc7763a42c0a3824d094ed22e990c774e00a0e
model	assets/rechiseledcreate/models/block/jungle_window_covered.json	515	11737541547f5cb534a8255d77f000fb9e0bdbfa6664d018bb5ecdf435192b23
model	assets/rechiseledcreate/models/block/jungle_window_covered_connecting.json	2759	00f16dc3ea95c51a609f2f96e476f02cf3ec3576a5c363c1eef889d71c900360
model	assets/rechiseledcreate/models/block/jungle_window_covered_connecting_horizontal.json	332	11c2a1c2ca5c721a73eeed2dc75ae5394c6fd6d22b482baf7c23bf08ed237c62
model	assets/rechiseledcreate/models/block/jungle_window_diagonal.json	522	4867cfe5eb54bc915674943f338a6d2c1afa8a113e7e327f44c5554807f4e5b3
model	assets/rechiseledcreate/models/block/jungle_window_diagonal_connecting.json	2769	85191d85c5702e1956b77d944970bdb5271e846bfcf1c1880ac3d9eabba4b8ef
model	assets/rechiseledcreate/models/block/jungle_window_diagonal_connecting_horizontal.json	333	291426629c3306301f386d96598d339c427f62caf7890227e7a82edfce464a99
model	assets/rechiseledcreate/models/block/jungle_window_large.json	501	b412bf8edd0f566aae2594e01ea11047077fc234a2d33e415287d536691aca86
model	assets/rechiseledcreate/models/block/jungle_window_large_connecting.json	2739	064ce79ee1182350943f3cb9104f668229b54d46e5c7a19e7e1df01918d466eb
model	assets/rechiseledcreate/models/block/jungle_window_large_connecting_horizontal.json	330	3852bc7582ccf35cf0ad5ed8674f6cfe59b92c6efb1fad1587eb4a0a43e1f54f
model	assets/rechiseledcreate/models/block/jungle_window_panes.json	501	de3f5e01c345c61107ffc0ca1d0c414951a37f2267afbbc9755b1851ea3755de
model	assets/rechiseledcreate/models/block/jungle_window_panes_connecting.json	2739	36ae2c170c39db7878515709b4cd8b02e161197d37b5b85ab5499ee90130cd1c
model	assets/rechiseledcreate/models/block/jungle_window_panes_connecting_horizontal.json	330	85c190682de0389bdb91dd557c39229924768cdbc9190e8c017e2f5b54e28b8b
model	assets/rechiseledcreate/models/block/jungle_window_rounded.json	515	3dd5dd76d7b78d87a152e6c571518c12a215da44ce73deaf45974006f5ffbbbe
model	assets/rechiseledcreate/models/block/jungle_window_rounded_connecting.json	2759	b72402126bebe496798a15622d5508b633a3adf270b0cd02f3b2759a34cee28b
model	assets/rechiseledcreate/models/block/jungle_window_rounded_connecting_horizontal.json	332	1423714d858e8b4381c972a6f0f0fcbb10949f4affdb64f3715ed1967477aa42
model	assets/rechiseledcreate/models/block/jungle_window_swirling.json	522	3ffba4b7629e4cbb440af8d9f85b8376c3ea677a6664d13951209b0d457e7726
model	assets/rechiseledcreate/models/block/jungle_window_swirling_connecting.json	2769	79d76c5c8bdd66e12e0bc9a77de2008e9ac4804de14f19ea6f6d9a7ad212e211
model	assets/rechiseledcreate/models/block/jungle_window_swirling_connecting_horizontal.json	333	bb2752f11b47565b402453e18e8852d1308fdea6f53291e23621b0eca5aa4808
model	assets/rechiseledcreate/models/block/jungle_window_tiles.json	501	2ad00687f959048571ad18e81d4a95fece82377696446c0f9b06c78e655db454
model	assets/rechiseledcreate/models/block/jungle_window_tiles_connecting.json	2739	4a7575a389cd634a1902e94db2b8971d69a74ae076575bcbdf7e10a8c0d4d06a
model	assets/rechiseledcreate/models/block/jungle_window_tiles_connecting_horizontal.json	330	b08698e89b163ca196d1d231fe8b3771efe594ff19c993c8401e7d54e056b74c
model	assets/rechiseledcreate/models/block/limestone_cut_polished_connecting.json	4433	9e9bf724777d5c3a033ef00d0485ecfd73e17014d8092bdaf256b96d0c617e12
model	assets/rechiseledcreate/models/block/limestone_cut_polished_slab_connecting_bottom.json	4439	e68b25a3ec8bdad209f1e59a4e7da2fc39c42b94a560cd884e021cb1dfac96fd
model	assets/rechiseledcreate/models/block/limestone_cut_polished_slab_connecting_double.json	4294	a5ce8057ba27cd7a77a46d6318c1f310f760cda050ba5320fd98292fa86e26a7
model	assets/rechiseledcreate/models/block/limestone_cut_polished_slab_connecting_top.json	4422	ed01cd50704d8ae7f77ceb763873945153b8723921ea916121912bd0790f417b
model	assets/rechiseledcreate/models/block/limestone_cut_polished_stairs_connecting_bottom.json	3682	887dfbc469be58bcb6c75ea90208fcb0edef90560733254914c5de23ca7ed605
model	assets/rechiseledcreate/models/block/limestone_cut_polished_stairs_connecting_inner_bottom.json	3688	06f9b53b473dac7f9c032bb32f65c59134b0a49c045fec01f1df5e5d1ff652d5
model	assets/rechiseledcreate/models/block/limestone_cut_polished_stairs_connecting_inner_top.json	3690	e803ef456084f4c7c10d13b85a7ad34fc7cbddaa08b8eacac901d8ca731a9e37
model	assets/rechiseledcreate/models/block/limestone_cut_polished_stairs_connecting_outer_bottom.json	3688	bd45b832edbecf445205d4b414a8621f435d827eead2961695d39d2d5bd0d8dc
model	assets/rechiseledcreate/models/block/limestone_cut_polished_stairs_connecting_outer_top.json	3690	4c61c6e93bd0f4cc1ca5a3f8f84b391d9bf4eb75efde2584c153915b287981c7
model	assets/rechiseledcreate/models/block/limestone_cut_polished_stairs_connecting_top.json	3684	7f1ad39cef269375786a4a6b72b8250cb5aeb402dfe287a1a50c23bdd5b2283a
model	assets/rechiseledcreate/models/block/limestone_cut_small_brick_connecting.json	4493	7dd266f24db6f69f990ac0c1e8495ded883a9b56251493bd97b6651d4f668f77
model	assets/rechiseledcreate/models/block/limestone_cut_small_brick_slab_connecting_bottom.json	4484	db3692903169d72906b01b6acf84898b1f5527382abbcb04e275651effee6c5d
model	assets/rechiseledcreate/models/block/limestone_cut_small_brick_slab_connecting_double.json	4342	6c42e2753324444191ad815746bc157ab03b02eb52d50606cd2c9255313f499e
model	assets/rechiseledcreate/models/block/limestone_cut_small_brick_slab_connecting_top.json	4467	13f5c9af4193be04b9fadea82de450d7355ccfc5a09f91131df764c3697e72c5
model	assets/rechiseledcreate/models/block/limestone_cut_small_brick_stairs_connecting_bottom.json	3727	1b3e60cbd2c017bf4c4cf89f7294def380df5060e536648a538a72f587709c88
model	assets/rechiseledcreate/models/block/limestone_cut_small_brick_stairs_connecting_inner_bottom.json	3733	ba373a916bc5a66c910fdc8c399fe1e2c89be98ce93a7101fb5ced68620f88e8
model	assets/rechiseledcreate/models/block/limestone_cut_small_brick_stairs_connecting_inner_top.json	3735	bfc2e7f80d8e53f572c1771cbabfa7195020b42b5de56179a75956428d392e21
model	assets/rechiseledcreate/models/block/limestone_cut_small_brick_stairs_connecting_outer_bottom.json	3733	50ed087fdb89477b6c6e70efe27ef4fe5925d7a58e72a420666c5d92aa63da00
model	assets/rechiseledcreate/models/block/limestone_cut_small_brick_stairs_connecting_outer_top.json	3735	34a88595639b50794556993b836f2a508c83eec3ca9b3d93ffd64dc6e69ffeb3
model	assets/rechiseledcreate/models/block/limestone_cut_small_brick_stairs_connecting_top.json	3729	692dbd60170b2e4ee7d79ee6feee7de70a68168418e1e7f865ff365bbf82ca7f
model	assets/rechiseledcreate/models/block/mangrove_window_bars.json	508	4dd60cc362ec7c61792acace534215abde0f9b45f00673ccdbd97ac9006fbfb6
model	assets/rechiseledcreate/models/block/mangrove_window_bars_connecting.json	2749	757febebd9fbc34567ad7d80c65a36c0a01f758ec9c04b7a3d4c089c0dd11336
model	assets/rechiseledcreate/models/block/mangrove_window_bars_connecting_horizontal.json	331	ded9b4ddc85ab68015035528bad362c5c0685d69ef2b5ced8082a15d99d4e735
model	assets/rechiseledcreate/models/block/mangrove_window_covered.json	529	957a2f805e0375d9929726f71c64ed55ea567a1fabee33b4479424e089938f90
model	assets/rechiseledcreate/models/block/mangrove_window_covered_connecting.json	2779	4c76ff15aac89514d67f473634e6731deb7825964a7278f2cbe8cd401f9ede83
model	assets/rechiseledcreate/models/block/mangrove_window_covered_connecting_horizontal.json	334	24bc6cedd08ec2b7ea11c46eccf8d03b312a952b44f6d4d9f0fb7c8873835852
model	assets/rechiseledcreate/models/block/mangrove_window_diagonal.json	536	f34c63e160cf103f802357f3b2fabd262bf30f20e8e052404a9126ecd53af9b4
model	assets/rechiseledcreate/models/block/mangrove_window_diagonal_connecting.json	2789	a41550bb383ba11795916d05d8f87bc4b1bbe8d09a20744168e0b6d76bf06fcd
model	assets/rechiseledcreate/models/block/mangrove_window_diagonal_connecting_horizontal.json	335	81b0140b15f4a533e570bcbe88e2900b636131cff563556635fe9a13c1bf5bc0
model	assets/rechiseledcreate/models/block/mangrove_window_large.json	515	1a5e53eccf28b8c4f29623dfc9814c023e5764a6f0e7bcbaf957833e8fa48127
model	assets/rechiseledcreate/models/block/mangrove_window_large_connecting.json	2759	e73bca4f7b8efa456b7912ef706e2cb273944cda5eca5001ce7c6a56c2290074
model	assets/rechiseledcreate/models/block/mangrove_window_large_connecting_horizontal.json	332	bc0c59e12de161694f8ebbef732485aa8e2a16a87f0d395cd52b3a517315616c
model	assets/rechiseledcreate/models/block/mangrove_window_panes.json	515	dbbe32468df0cc7e3dad1efc67bcd967856b92ec0bcd2b852e3f5da7b71f44a6
model	assets/rechiseledcreate/models/block/mangrove_window_panes_connecting.json	2759	e3be8e615b8988a54262a73ab0982caf3d7adeb34a0524b92bd1ef56cfedcb01
model	assets/rechiseledcreate/models/block/mangrove_window_panes_connecting_horizontal.json	332	71efa568ecbd458643ad32567fe61ea8a2cce15a83240d9a54430a51569e0eaf
model	assets/rechiseledcreate/models/block/mangrove_window_slim.json	508	c5383757d6af5816d7799c4d438968e2587c570d90426b2771dce35abe1fb419
model	assets/rechiseledcreate/models/block/mangrove_window_slim_connecting.json	2749	f198fae20b1e2d08d8b950483b73008043924dfa99267ca1805013a0cbc9dc7f
model	assets/rechiseledcreate/models/block/mangrove_window_slim_connecting_horizontal.json	331	05abd9432dbee30169819435b0d3d98dcb44f8a583d3442d95fb20ae6cb79ac4
model	assets/rechiseledcreate/models/block/mangrove_window_swirling.json	536	289f93423ab30c8deb1ca49d79ef6caf79164c5a924f3a22c8ca10d879d9e606
model	assets/rechiseledcreate/models/block/mangrove_window_swirling_connecting.json	2789	79cbc2b9b99de70e85b87ef42cd84b37578cd10ae1f29317faa1437833c8541c
model	assets/rechiseledcreate/models/block/mangrove_window_swirling_connecting_horizontal.json	335	fe2a2c7a399e9a468047235779c2a3fbb1e6a03ec985bb0852e7cfcc1d1fba91
model	assets/rechiseledcreate/models/block/mangrove_window_tiles.json	515	326b0e1458fca21ba03294a415d667d46e59b8a632a019089e2fd2525ff62612
model	assets/rechiseledcreate/models/block/mangrove_window_tiles_connecting.json	2759	b94234f40ead23261a31a989d15bd42f8a0e77ca0840d25697c6c3cb31854906
model	assets/rechiseledcreate/models/block/mangrove_window_tiles_connecting_horizontal.json	332	07ec2a8475590546f28ceabe3cfdbff17eab30391e3f433e215cafbc1d3acd80
model	assets/rechiseledcreate/models/block/oak_window_bars.json	473	36902f3e2db8e7b1d80f90a2500a390ed77a3c7c4a6a799ef01d8078ad68957e
model	assets/rechiseledcreate/models/block/oak_window_bars_connecting.json	2699	d320a3e96ec37005596ca5c844ada94b1b31fc2262a8cfc3a3abc0e07022d48b
model	assets/rechiseledcreate/models/block/oak_window_bars_connecting_horizontal.json	326	21427f4ad005a52831b4ea31be49c0e04f5a15c8c19e0487647cc03d82d3016d
model	assets/rechiseledcreate/models/block/oak_window_covered.json	494	a22b52571d77b592aa41c001d9bcd45ae10e4620e66efa31a2627551bc008700
model	assets/rechiseledcreate/models/block/oak_window_covered_connecting.json	2729	151aab81f23972843129ad7abc8be6933ca6dd18a0cd53463c965c9d026eef33
model	assets/rechiseledcreate/models/block/oak_window_covered_connecting_horizontal.json	329	f49e7e73adfad8a79a7e2b4c7500f9aa1b27825f876a855f10817da9461531e3
model	assets/rechiseledcreate/models/block/oak_window_diagonal.json	501	143097884f481a1e3c553cc8a478936732b26a449f5d05348bd8e0b3b9915c2e
model	assets/rechiseledcreate/models/block/oak_window_diagonal_connecting.json	2739	0fb4debda75df5f273aecaf20cbf6bf414edebd155c28bbb48b5bde0f7fbe51f
model	assets/rechiseledcreate/models/block/oak_window_diagonal_connecting_horizontal.json	330	f7ba64657b70d1a1e83a664efb960fc989cb332d3a9fb72b7e104861a867bf12
model	assets/rechiseledcreate/models/block/oak_window_large.json	480	5e8089e212582bfe2782a9d87b18a12ec8f77a83ebee4a1e934d548ccb886445
model	assets/rechiseledcreate/models/block/oak_window_large_connecting.json	2709	5acaf65074853a2deafba8d695f2c02c827f72c7bb61691f2bacf1ad89dcd3be
model	assets/rechiseledcreate/models/block/oak_window_large_connecting_horizontal.json	327	46c5e1dff6d372a106ea1fad06447b77bf779dd77509a4b8887413d73420ba76
model	assets/rechiseledcreate/models/block/oak_window_rounded.json	494	5487d02b0d944b0faba51053179369cea9e3caa3b62849b579d302670d038201
model	assets/rechiseledcreate/models/block/oak_window_rounded_connecting.json	2729	a9f89134d257a503d760f435c5671b9437ff1ad703679a6acfaeb93f349a13a7
model	assets/rechiseledcreate/models/block/oak_window_rounded_connecting_horizontal.json	329	d43b8e9eada9c933b026c70a1b13ff0ec56ef3eddb86d0482e9a6db0767dc8d5
model	assets/rechiseledcreate/models/block/oak_window_slim.json	473	d1d119a16e38eb23ffc058bf04e25910dc1ade3018eb63b458d368c3d19d6d22
model	assets/rechiseledcreate/models/block/oak_window_slim_connecting.json	2699	a6f55092a66423918ac2bb29c3d38ce689c48e98c4507197dc1b98dbf8f3d257
model	assets/rechiseledcreate/models/block/oak_window_slim_connecting_horizontal.json	326	bf69b921b938ebf41b40ca4b81d818b3519973d4016e339bd34c058b796d12a8
model	assets/rechiseledcreate/models/block/oak_window_swirling.json	501	82eee7f0ad4fa191577e3d9bdcf3877906be77514b128bfbd6449b3aa56e2e37
model	assets/rechiseledcreate/models/block/oak_window_swirling_connecting.json	2739	95e3a1b1627ec12d15fb049ae278e7d8be5e32e3cd924ea030462ea0268353c1
model	assets/rechiseledcreate/models/block/oak_window_swirling_connecting_horizontal.json	330	7e7515a82ed9202ec576fb4d92de56a6f24bd950b1aa6d695de9b25699edd654
model	assets/rechiseledcreate/models/block/oak_window_tiles.json	480	44ac5fdf3f16e6ff47c6b1763b07046d2a85f2f1f171378a567313bfd4f1790c
model	assets/rechiseledcreate/models/block/oak_window_tiles_connecting.json	2709	0c4dba0412d0e8c70444a5de6015fb0bb3ad308dee3f3ec227a0718268e4dea4
model	assets/rechiseledcreate/models/block/oak_window_tiles_connecting_horizontal.json	327	739180098f5328ad95096187624db428cd363dfbd5a99f417ae8a0a47b03be81
model	assets/rechiseledcreate/models/block/ochrum_cut_polished_connecting.json	4373	18528dea1dd03e590b009e142f2da831d64dfa6f258cc1d99108a1f756ddb48f
model	assets/rechiseledcreate/models/block/ochrum_cut_polished_slab_connecting_bottom.json	4394	5accba302bae1f5355cf4d27cc7f2a90f47f7fbbef2791c8ad5517bff49574b4
model	assets/rechiseledcreate/models/block/ochrum_cut_polished_slab_connecting_double.json	4246	6700be0362b7445faf42b5d5c5e1d67082f20e6105dbd8078331c8632e5bdf77
model	assets/rechiseledcreate/models/block/ochrum_cut_polished_slab_connecting_top.json	4377	42c975de14981d76845d8ee2728d26c9fb5631a8ec5a25329ed9244165b78d74
model	assets/rechiseledcreate/models/block/ochrum_cut_polished_stairs_connecting_bottom.json	3637	9a795e33fe4ed25d1e59322face74715d68e30fd1e31bc213f3644379fecdbb7
model	assets/rechiseledcreate/models/block/ochrum_cut_polished_stairs_connecting_inner_bottom.json	3643	3ebbcd6e2d9b45da64cbec32002bde6f1b1268c5798e74088adf9b161e5e26b7
model	assets/rechiseledcreate/models/block/ochrum_cut_polished_stairs_connecting_inner_top.json	3645	9e14a287c1020e0928af4550973ba0f2e7436da268c22bbebf534647db65889d
model	assets/rechiseledcreate/models/block/ochrum_cut_polished_stairs_connecting_outer_bottom.json	3643	cd8154e5b3f9340d44513cd2aded474d687a7e65fb7661557d7321e5918177b1
model	assets/rechiseledcreate/models/block/ochrum_cut_polished_stairs_connecting_outer_top.json	3645	ceda92817134cab9075ad2739d5072a185c5edf493c1a1bf2304a342342fb930
model	assets/rechiseledcreate/models/block/ochrum_cut_polished_stairs_connecting_top.json	3639	76b76c680f01fc9a5d8d82f9232cd0a755f5cd6f30631dd5cabac6ca5dcaad70
model	assets/rechiseledcreate/models/block/ochrum_cut_small_brick_connecting.json	4433	3bf20bfb5fdae32ee4e8bb8ddf7ead69cded7f32c71a1ba476c3a5fba8c2f7bb
model	assets/rechiseledcreate/models/block/ochrum_cut_small_brick_slab_connecting_bottom.json	4439	d63f5ab28d4970fe0c1770048f922f648b0119e36086dbc792a2348a0c1ad8ad
model	assets/rechiseledcreate/models/block/ochrum_cut_small_brick_slab_connecting_double.json	4294	e68dfba2edba8581c48ac39783e2889ef89c32b0ddacb0c4c36051a21089fcea
model	assets/rechiseledcreate/models/block/ochrum_cut_small_brick_slab_connecting_top.json	4422	07f94e8fea11c6de3cbc86bee91692382950971a56d00a1c02732c610fe28a23
model	assets/rechiseledcreate/models/block/ochrum_cut_small_brick_stairs_connecting_bottom.json	3682	19c3d2c9450be375f64df5ab0b8edf3a15c363a59f155c0e73c161de8126bb94
model	assets/rechiseledcreate/models/block/ochrum_cut_small_brick_stairs_connecting_inner_bottom.json	3688	66f788c2e8b04880ce2b4375e5847c343ea3e7e808783dc62e62c3737e9a1ff2
model	assets/rechiseledcreate/models/block/ochrum_cut_small_brick_stairs_connecting_inner_top.json	3690	90f95f3076fb0e07368a57ee415f71dba9f2a5ec0d54e914e7936c1e3967548c
model	assets/rechiseledcreate/models/block/ochrum_cut_small_brick_stairs_connecting_outer_bottom.json	3688	82335af341b0141e74b3a5c5c1513a680ef7e0f6814f767053710ee50be95455
model	assets/rechiseledcreate/models/block/ochrum_cut_small_brick_stairs_connecting_outer_top.json	3690	5bc893cac397a3d7e63e5a0f6449816df9506e5c075f7bc5ec3f8e23afbf0729
model	assets/rechiseledcreate/models/block/ochrum_cut_small_brick_stairs_connecting_top.json	3684	d2e41fbd3ae7f0e1b6b55680ded809197756e1f56652c894091af4d649948cc7
model	assets/rechiseledcreate/models/block/rose_quartz_bricks.json	461	2ec1cfbdd4b0517314f81b0d1c5fe3567821feba498670650464d4e227e361c9
model	assets/rechiseledcreate/models/block/rose_quartz_bricks_connecting.json	2417	36eecefd8b71bd20c7925d85f378e5a6c0a79569f371683c47e67c17dd92a524
model	assets/rechiseledcreate/models/block/rose_quartz_chiseled.json	475	c2e83cee8bfe2d2d9676a5c75b80751268e8a45a012efce0ca14679783664d16
model	assets/rechiseledcreate/models/block/rose_quartz_chiseled_connecting.json	2437	ca42a6b62cf4ae96a0355c32328a63f71f33e735c8c1c6dfb614a8ddb0e317c0
model	assets/rechiseledcreate/models/block/rose_quartz_crushed.json	468	8d51bc83718f14088a6321b7fa8a9066749ab8b20d20a472675390c9275d6284
model	assets/rechiseledcreate/models/block/rose_quartz_crushed_connecting.json	2427	1ead45b8be5ba366e7a9fc584b0a2fa5f5c9cae39e676a125ffdd38c8d86efb9
model	assets/rechiseledcreate/models/block/rose_quartz_polished_block.json	517	b4590ba4364ef2380d572f76d4261be2c7ae80130fa3030dc6ac5dce9fadab70
model	assets/rechiseledcreate/models/block/rose_quartz_polished_block_connecting.json	2497	0831010c7a6ad16fbcb34056f45b4a51cb2afa4e766aea1770fa83bb12bf55f0
model	assets/rechiseledcreate/models/block/rose_quartz_squares.json	468	ddc77afa1d71bc425460211b2459e685d9ba2dc26778c14a2752692bf931eaf4
model	assets/rechiseledcreate/models/block/rose_quartz_squares_connecting.json	2427	8e9aba27a1cdb9ba57dace9b906898d4fe0d20a889094691a25d240bc4962079
model	assets/rechiseledcreate/models/block/rose_quartz_tiles_connecting.json	2407	2c09cb70344079f86c4b1aa68044243843dc065bf1480a2caa70118346a6a072
model	assets/rechiseledcreate/models/block/scorchia_cut_polished_connecting.json	4413	aaa20421773df42ed0180954c59567f63d65d292a5389ef2ee24d24469041715
model	assets/rechiseledcreate/models/block/scorchia_cut_polished_slab_connecting_bottom.json	4424	4d05f727aae43e7d12b4879fc96393adac955b0532bd6bb68213cfc09c083544
model	assets/rechiseledcreate/models/block/scorchia_cut_polished_slab_connecting_double.json	4278	80cb9da2a385fe2da13748a1c4a49c5fb601bcc9d92178c259629518d1c350ac
model	assets/rechiseledcreate/models/block/scorchia_cut_polished_slab_connecting_top.json	4407	144f6637dd58d2319241854d2771020d22e2b2e8f1885684c108fc729ac4d20c
model	assets/rechiseledcreate/models/block/scorchia_cut_polished_stairs_connecting_bottom.json	3667	655d66f942da6051fff5ac4df91c2a8d583c87eb9cbb6b59e9129f6870fd6fcb
model	assets/rechiseledcreate/models/block/scorchia_cut_polished_stairs_connecting_inner_bottom.json	3673	74847a0250f12864994267ccab6f7b3885a1c38b352aabdf6d198e8498b8165b
model	assets/rechiseledcreate/models/block/scorchia_cut_polished_stairs_connecting_inner_top.json	3675	97700ff774f63ab2a1c7818e64f8d2d5b7ae4fa674b1e3d9b8b09a132114fa8f
model	assets/rechiseledcreate/models/block/scorchia_cut_polished_stairs_connecting_outer_bottom.json	3673	9e3b27431254aa0841de49b2512556715a8c630fade68afe26397a379de17d7c
model	assets/rechiseledcreate/models/block/scorchia_cut_polished_stairs_connecting_outer_top.json	3675	66856af2bd0b2aaf8d417bcbaf11b9130c6f63ffcca2aabf5ce312770eb60692
model	assets/rechiseledcreate/models/block/scorchia_cut_polished_stairs_connecting_top.json	3669	4d8045cfdf74f32a81cc40d317647040ae87465fc89eb551835774384b5932e4
model	assets/rechiseledcreate/models/block/scorchia_cut_small_brick_connecting.json	4473	08530142df34e8c85bd368a9aff5424a2efc0d4f098c0591ea5cdb804738c535
model	assets/rechiseledcreate/models/block/scorchia_cut_small_brick_slab_connecting_bottom.json	4469	5c6c1143775fe48866a04ac6455863d8b69ac59747ac38c2cd0bfdabcee9d2bb
model	assets/rechiseledcreate/models/block/scorchia_cut_small_brick_slab_connecting_double.json	4326	7bc32881abf061a2cf49624061e78bf29432fc5466e74911c92c151795099bcc
model	assets/rechiseledcreate/models/block/scorchia_cut_small_brick_slab_connecting_top.json	4452	f334b0e0d01794d9f85ca70e86bbd8afd82ba23989f49277523d9e23040ee0f3
model	assets/rechiseledcreate/models/block/scorchia_cut_small_brick_stairs_connecting_bottom.json	3712	b5984eab81977dd87557975d3d57b8090604f990f056746c5a3f6178f4d5ce2b
model	assets/rechiseledcreate/models/block/scorchia_cut_small_brick_stairs_connecting_inner_bottom.json	3718	751714eb35f6af9e29972af0043258352e1d1024e0caeebba12284d27a992efd
model	assets/rechiseledcreate/models/block/scorchia_cut_small_brick_stairs_connecting_inner_top.json	3720	24e4f1f0541beaee61cd3aa1f9d845e195457f973ceb6b8f86e310dc63b0a224
model	assets/rechiseledcreate/models/block/scorchia_cut_small_brick_stairs_connecting_outer_bottom.json	3718	fdd72dafbf0ed73845ac243c20252f65214bae98d25c6e499ac6dd6442dea505
model	assets/rechiseledcreate/models/block/scorchia_cut_small_brick_stairs_connecting_outer_top.json	3720	9482f8940199b0ce27ec027e532b15f6096a75f27dd644282e6aec776c2dd876
model	assets/rechiseledcreate/models/block/scorchia_cut_small_brick_stairs_connecting_top.json	3714	73f9af7ca9c6aeb58d4a32195afe8573c18d6c7e128faeb761ddf7a991d1797c
model	assets/rechiseledcreate/models/block/scoria_cut_polished_connecting.json	4373	08a8692c1e094020a6bb6446914cb7ff5d43a04b2bb29cc4b1b8c9b8328d6114
model	assets/rechiseledcreate/models/block/scoria_cut_polished_slab_connecting_bottom.json	4394	ecc07afbc96754959cd28f3c52b266a3d1c24a18c2bb8d3e27b417792a43dd17
model	assets/rechiseledcreate/models/block/scoria_cut_polished_slab_connecting_double.json	4246	13bd1da6c5d16dfe8a064aa4119a0b1bac62de45f355b7d712d554bc1d9fd34c
model	assets/rechiseledcreate/models/block/scoria_cut_polished_slab_connecting_top.json	4377	fa62836cbaff43719ed0866ea70bc10f3bf65ccaa648c68f85e982ed6b054c9e
model	assets/rechiseledcreate/models/block/scoria_cut_polished_stairs_connecting_bottom.json	3637	71573112669c1bfef369bfe55fbd3db1cf2cfad8bf2f3117fa0fe8c94da01014
model	assets/rechiseledcreate/models/block/scoria_cut_polished_stairs_connecting_inner_bottom.json	3643	7a1305aa4e844ce04fd558e8e907d9691d174b98703677a320b79c1ed82a5ed6
model	assets/rechiseledcreate/models/block/scoria_cut_polished_stairs_connecting_inner_top.json	3645	1cb015ca7f4fe2019866b3f5a9a011c203a85e58c6bd08ab1e1f1522f109d851
model	assets/rechiseledcreate/models/block/scoria_cut_polished_stairs_connecting_outer_bottom.json	3643	30a7761d9cf9360bd94eeae903625eb8b598a6fc998a5afe4fec3848054f2b0e
model	assets/rechiseledcreate/models/block/scoria_cut_polished_stairs_connecting_outer_top.json	3645	a6fd142551b0a4b47693118f7b6aa90d5e1ea62715455b84469802d546b7ccaa
model	assets/rechiseledcreate/models/block/scoria_cut_polished_stairs_connecting_top.json	3639	55a7c82080fa662c7be8a676c421bea0d3a0d35a2a7823a311840f870f1cbaed
model	assets/rechiseledcreate/models/block/scoria_cut_small_brick_connecting.json	4433	bef408848b7c014c52d2f73ac499ac3a542fdac95bc3376c35610faea4a0aa19
model	assets/rechiseledcreate/models/block/scoria_cut_small_brick_slab_connecting_bottom.json	4439	6a1af7a4ebfddeb6720091a68661ed1caf5886a8ccc98160ffe2aabfdd2d8c8e
model	assets/rechiseledcreate/models/block/scoria_cut_small_brick_slab_connecting_double.json	4294	7c8db764ef5c9c9e04c1374b314541b7bf021861eaf6393ec8fc3f72446d47fa
model	assets/rechiseledcreate/models/block/scoria_cut_small_brick_slab_connecting_top.json	4422	5f954545bc669e05eed2c7e23a74bc3d31bdf88fac8fcffe99ae212a042ff857
model	assets/rechiseledcreate/models/block/scoria_cut_small_brick_stairs_connecting_bottom.json	3682	76cc5ddf7b548680843e3601fc2ae973fdeed53b8e8021df8a9dfcb0b419d1c1
model	assets/rechiseledcreate/models/block/scoria_cut_small_brick_stairs_connecting_inner_bottom.json	3688	300e5b8037692bccfe3c20e4a0a3bc55ac86cba3dbb466deb037587c290763c7
model	assets/rechiseledcreate/models/block/scoria_cut_small_brick_stairs_connecting_inner_top.json	3690	2b361a0b9d37d1e6ba8a281b06b56dbcc63cb7cea7e2e740f29bc329a4746f8c
model	assets/rechiseledcreate/models/block/scoria_cut_small_brick_stairs_connecting_outer_bottom.json	3688	d521cf143ad2bdbd7be218fb4f57a5b8e9d3c01cdd6a2ff17b393a714ed935cf
model	assets/rechiseledcreate/models/block/scoria_cut_small_brick_stairs_connecting_outer_top.json	3690	4c225b66a5bbf8391d9cad0d4a7c92d54b3b3d9b7ed6b0f91d9fd1109cc615d1
model	assets/rechiseledcreate/models/block/scoria_cut_small_brick_stairs_connecting_top.json	3684	bcbc53f69ee26fcc9d9da868ea950977c17758a2dff771fddea5540b9b28a939
model	assets/rechiseledcreate/models/block/spruce_window_bars.json	494	ee4154ebe9f6f904790bfb463ffaa87b9a4967cccf9fb7456528cea8c2326c16
model	assets/rechiseledcreate/models/block/spruce_window_bars_connecting.json	2729	8fc764b7fcbdba059a91d48b09c90a99b00aadc48b7e5d7986dd9abf0a2c8426
model	assets/rechiseledcreate/models/block/spruce_window_bars_connecting_horizontal.json	329	73a73c196160d0bf155be9386cecb3e8a1577640199b388c37686b6cc3ea7269
model	assets/rechiseledcreate/models/block/spruce_window_covered.json	515	21e958207b035a0b1f02c38c92b90160bd8b49ca90b59daf2d14a3fda5b5bc7d
model	assets/rechiseledcreate/models/block/spruce_window_covered_connecting.json	2759	b03a4b7d9d1044f1855d49b1935de0d9177aae6ba36ae6fedb55c0ec02ed0763
model	assets/rechiseledcreate/models/block/spruce_window_covered_connecting_horizontal.json	332	cfeca2ba9f0b6f9a7a21a1362cc8fafa7ad8933b9c2d2e46b2311d3cc48e60ba
model	assets/rechiseledcreate/models/block/spruce_window_diagonal.json	522	4aa1b877342b26b4edcfdcdda17d21c7432f7bd73b44c31a098f1c8ddc920d87
model	assets/rechiseledcreate/models/block/spruce_window_diagonal_connecting.json	2769	ca0b9f4201117c3582dfadce0ea7794586408c96fc02fd9fac02e7323ec2c36d
model	assets/rechiseledcreate/models/block/spruce_window_diagonal_connecting_horizontal.json	333	5760489162d7097170635255a033fbf511ca70004b112e532fa7cfc42228d697
model	assets/rechiseledcreate/models/block/spruce_window_large.json	501	e8ac0fbb48d624becdc300722db7adf49189b5a9855a86dc05a410ef99492c1c
model	assets/rechiseledcreate/models/block/spruce_window_large_connecting.json	2739	aac11a34a672137c7e890fde486d2c5d76a6032e90275447fca0fedf0db9995c
model	assets/rechiseledcreate/models/block/spruce_window_large_connecting_horizontal.json	330	733f5d4d062791603f15e4df7fda35f3fc04c88869f267026419e0c1adf1133d
model	assets/rechiseledcreate/models/block/spruce_window_panes.json	501	14a18adff5a7808f501511ea0fcd8d09c4943037d64e055d4f18d696c4c1402c
model	assets/rechiseledcreate/models/block/spruce_window_panes_connecting.json	2739	a15b567c0f9f3a332c4b3a948a998572e6a9ec19447e5929398c04e36ea3f99e
model	assets/rechiseledcreate/models/block/spruce_window_panes_connecting_horizontal.json	330	0467b6e461dc93d92b533f2f06342ab41c6c77f6f0c1ada1efd361900fa69e66
model	assets/rechiseledcreate/models/block/spruce_window_rounded.json	515	49949f3dc092e0c97d1ba2ea132be2a2ad5ed15c653da4b3529606b85f501470
model	assets/rechiseledcreate/models/block/spruce_window_rounded_connecting.json	2759	1e4dc9332e8fce0370cca01850d661f880dd05921971c496f312e9a139dfee56
model	assets/rechiseledcreate/models/block/spruce_window_rounded_connecting_horizontal.json	332	102898d6f03d691b095ea395a9635265a090a23d47fa306df91723e02d311beb
model	assets/rechiseledcreate/models/block/spruce_window_slim.json	494	5c34b259e6a608be3ca2ed6aa69f8c9258912e3df597f9df7aa9271bf33ab82d
model	assets/rechiseledcreate/models/block/spruce_window_slim_connecting.json	2729	85045d8f3053887a507faee320a5273416bbfd59a9d460932ebba5bef07f9bd9
model	assets/rechiseledcreate/models/block/spruce_window_slim_connecting_horizontal.json	329	5bf405908965e1a90cb412e44d91696e5b791ddeb7220faec3b5e5cc62528b42
model	assets/rechiseledcreate/models/block/spruce_window_swirling.json	522	7b46e0eb3dd44233629d9ee21faf09d4b1b74a5bb3586409a046e47d951875e1
model	assets/rechiseledcreate/models/block/spruce_window_swirling_connecting.json	2769	861dad6368fe5b3dac68105baf98e50cf80d7f645128e85f41f94e810f243707
model	assets/rechiseledcreate/models/block/spruce_window_swirling_connecting_horizontal.json	333	b06d2d5f9261728babb652fd7a1006db41f750e289ed515789583c0d3815b782
model	assets/rechiseledcreate/models/block/spruce_window_tiles.json	501	afd8a484dfaa5b6fcafe0f6dc44818c59a3e758dec4a4578fa35c2772bd1b467
model	assets/rechiseledcreate/models/block/spruce_window_tiles_connecting.json	2739	65919e6de6fddb0eb27bb0a67f9493765b9b4917b6c21c5756590e23ca902331
model	assets/rechiseledcreate/models/block/spruce_window_tiles_connecting_horizontal.json	330	4dd71892f129e0b3ad7fcc951076f2fd52fa9e1b61f295c44483d485b3580d67
model	assets/rechiseledcreate/models/block/tuff_cut_polished_connecting.json	4333	f35925a1d7d1c882fb51352e3f9d57a88c8e743e72b61d829f11a96b71937b12
model	assets/rechiseledcreate/models/block/tuff_cut_polished_slab_connecting_bottom.json	4364	20650404d09fa15c3de1ef5009c5b6dc31b9f6fb8488036120961694f968153e
model	assets/rechiseledcreate/models/block/tuff_cut_polished_slab_connecting_double.json	4214	3176c4c404942e614d851533ba18b9dbbc3d5754a2b6a7c8fb0bb67a28fdb478
model	assets/rechiseledcreate/models/block/tuff_cut_polished_slab_connecting_top.json	4347	2fa2027879b82f8d11e9102cd0fa845fb2494d7a14964f219bb9e45cfbac9f24
model	assets/rechiseledcreate/models/block/tuff_cut_polished_stairs_connecting_bottom.json	3607	102a0b807c2670767f0c7e5797cbedb1d1a0941d1413a2a4c240f606b29841a6
model	assets/rechiseledcreate/models/block/tuff_cut_polished_stairs_connecting_inner_bottom.json	3613	9027f7aa08ec430cc9677ad66246fa6ae31c494b5e978872a83d87db2d3d6eb8
model	assets/rechiseledcreate/models/block/tuff_cut_polished_stairs_connecting_inner_top.json	3615	bcfded31964e2ba398a40fd631aeddac363dc520243423c0ab5c6183932feb11
model	assets/rechiseledcreate/models/block/tuff_cut_polished_stairs_connecting_outer_bottom.json	3613	46972d1db916b8ec94621383554456bfd878015df78fec26ad8ba5450473938c
model	assets/rechiseledcreate/models/block/tuff_cut_polished_stairs_connecting_outer_top.json	3615	b27756bd1a193b9bf1db5c4e0302a42b1e5dd43b348e5d2c0b843d9e7e089457
model	assets/rechiseledcreate/models/block/tuff_cut_polished_stairs_connecting_top.json	3609	cb62e321311c4a34e9fc45c4a0d1436d7bcd166109c19517159ebade33f05a70
model	assets/rechiseledcreate/models/block/tuff_cut_small_brick_connecting.json	4393	9b8adab3998143c074fab955aad703679160563f6490e0adf9fe2bc561f42292
model	assets/rechiseledcreate/models/block/tuff_cut_small_brick_slab_connecting_bottom.json	4409	e277f4762f3599ae20f4ee7822968a2c63e635176978d832decfc85ba3f68674
model	assets/rechiseledcreate/models/block/tuff_cut_small_brick_slab_connecting_double.json	4262	0728a7ed494fe3a90391f325cf54f3c7cae350a67bc95b07fab2a12669faf985
model	assets/rechiseledcreate/models/block/tuff_cut_small_brick_slab_connecting_top.json	4392	594e868e63a1cf24d79206bb196bfe5f6df320dbb5bbd2fe670258bd06a77753
model	assets/rechiseledcreate/models/block/tuff_cut_small_brick_stairs_connecting_bottom.json	3652	1536daf93449bb9c2c788243fef5c9e068a428240f05d7413a97ac05f6a0f7a8
model	assets/rechiseledcreate/models/block/tuff_cut_small_brick_stairs_connecting_inner_bottom.json	3658	54562ca223b8e1bc5dd2a7b25ae52473430f99dd720e294eb5a5168bcaf45615
model	assets/rechiseledcreate/models/block/tuff_cut_small_brick_stairs_connecting_inner_top.json	3660	b737b93ef74526d75ff6c5ca7a550b17bc085623b7a979a2473def124e764846
model	assets/rechiseledcreate/models/block/tuff_cut_small_brick_stairs_connecting_outer_bottom.json	3658	fcf1d4bc9f40b55b71dc5b12c5422f70b450919ba6a81ad7435bb532ed30f736
model	assets/rechiseledcreate/models/block/tuff_cut_small_brick_stairs_connecting_outer_top.json	3660	4114cd67efd2ed9a1d0cbf02e62bacd846adfe2b51bf96d02069e72a1a0cedf6
model	assets/rechiseledcreate/models/block/tuff_cut_small_brick_stairs_connecting_top.json	3654	2b48e0af2a2f66873f1b2ca51cbf68db54b98de4dbe7646a0a0beb91817314d9
model	assets/rechiseledcreate/models/block/veridium_cut_polished_connecting.json	4413	01ff54daea685f7ed760352e922fc8fc62789e3b80fb70002807b3cd5e08e696
model	assets/rechiseledcreate/models/block/veridium_cut_polished_slab_connecting_bottom.json	4424	6aeeefcd4f03a5a1788bc7ca64d814586ee3e9bfb017f474f96c47ac19807857
model	assets/rechiseledcreate/models/block/veridium_cut_polished_slab_connecting_double.json	4278	4037502ccc8153a1f36acf152add466f37e66639d7c22a13b2e8cecffba2c1c4
model	assets/rechiseledcreate/models/block/veridium_cut_polished_slab_connecting_top.json	4407	c9310f643cbc2008c7c1e09aa7514725f320188e3f9bf6407caa334f4198d6cf
model	assets/rechiseledcreate/models/block/veridium_cut_polished_stairs_connecting_bottom.json	3667	ab2a5471a5db3d11eddbc9b60d7fcadc87dc0fd032fec703538d039218a07045
model	assets/rechiseledcreate/models/block/veridium_cut_polished_stairs_connecting_inner_bottom.json	3673	1fee017179ef747097ea0bf69ce6134dda61e15c6fd30389db07ba9d36036354
model	assets/rechiseledcreate/models/block/veridium_cut_polished_stairs_connecting_inner_top.json	3675	2c9be362a506919b1744552fa556982fc7b6ace0463e05571cc51832c868ee6f
model	assets/rechiseledcreate/models/block/veridium_cut_polished_stairs_connecting_outer_bottom.json	3673	7ece058fcdce34537cc7cee7e025c1f56f04be88c82e02f16a794e770eac016f
model	assets/rechiseledcreate/models/block/veridium_cut_polished_stairs_connecting_outer_top.json	3675	aca7390d73e644edf64b75e07f280b17377276250ebf004758e5914c04bbf308
model	assets/rechiseledcreate/models/block/veridium_cut_polished_stairs_connecting_top.json	3669	a669095c29644fb89531b429cb68b403d09f2d37ae14c752fb178f85134153f0
model	assets/rechiseledcreate/models/block/veridium_cut_small_brick_connecting.json	4473	8826f9aed134133fab60872db3b38777ff8a97e0dfd3073a9e1c6c1c2db08ba0
model	assets/rechiseledcreate/models/block/veridium_cut_small_brick_slab_connecting_bottom.json	4469	e012b0488ebe25cf3113d2ab7334f261191c70f7602fb7452b2f7722729cdd8e
model	assets/rechiseledcreate/models/block/veridium_cut_small_brick_slab_connecting_double.json	4326	936e5f8afb1a1265c61ed0e189f43242382ee5ad05ceca8a89e9e36208c61f87
model	assets/rechiseledcreate/models/block/veridium_cut_small_brick_slab_connecting_top.json	4452	0bfd4562f79f73e8c817f68861c0425478c61b9a23fc20261ef4af74714a4110
model	assets/rechiseledcreate/models/block/veridium_cut_small_brick_stairs_connecting_bottom.json	3712	0ca6862dec4d1c6a79bdc0347cb8d75de10010d1570a063bd5b1ead093231241
model	assets/rechiseledcreate/models/block/veridium_cut_small_brick_stairs_connecting_inner_bottom.json	3718	a95612a2a16c8c7aba08de3c87e14a80a84141371a5ae9d41eb0e89c19420e9b
model	assets/rechiseledcreate/models/block/veridium_cut_small_brick_stairs_connecting_inner_top.json	3720	bc531fad6d585feb9e3d2e477f0cac2a47dcd2dae5a56b86cbe1d4d382692e45
model	assets/rechiseledcreate/models/block/veridium_cut_small_brick_stairs_connecting_outer_bottom.json	3718	000f5b9b16aedc5692518fc9033b671dfc67fa921b7b1dd0864f46896aafbb8d
model	assets/rechiseledcreate/models/block/veridium_cut_small_brick_stairs_connecting_outer_top.json	3720	70f1801805806a90453582300c8a7f87a06202171c82ea6c17edfb62c979864a
model	assets/rechiseledcreate/models/block/veridium_cut_small_brick_stairs_connecting_top.json	3714	d763b501eef941802a01eb11fe50be2df6025209f840087e197c2de4dad3a021
model	assets/rechiseledcreate/models/block/warped_window_bars.json	494	b034a9b4c31f55bc784464e9fbc1dfe80298bbae475ce07163fae269d2e4602d
model	assets/rechiseledcreate/models/block/warped_window_bars_connecting.json	2729	700490f2806ba90b578d7ea07371d8dbaf7c6c979d926568be0b8b3abe954451
model	assets/rechiseledcreate/models/block/warped_window_bars_connecting_horizontal.json	329	9d9f588f80f74d3d9c126c1267d346e8cf3c59d98b3ebd13198da7a08f757b33
model	assets/rechiseledcreate/models/block/warped_window_covered.json	515	b128ef04be654f88ab137ffbf2aa3cbf0188b0767c46857a242bdf494d014db3
model	assets/rechiseledcreate/models/block/warped_window_covered_connecting.json	2759	1dbd3e937cdc846ed11dc12f0282ce43172b2886e315039a79fa25739dabba2d
model	assets/rechiseledcreate/models/block/warped_window_covered_connecting_horizontal.json	332	b623df958369a430878877ec6eba2083303ee90674373eb1d85942931dbca18a
model	assets/rechiseledcreate/models/block/warped_window_diagonal.json	522	ea85b66d106b2cdda3bd37af113101fd2175dc916295d2914f0c8bf3ed45388a
model	assets/rechiseledcreate/models/block/warped_window_diagonal_connecting.json	2769	e7f8fa6f6d6afb22351af9900fa31cd6f232bea8c04058bb86784b794df41fce
model	assets/rechiseledcreate/models/block/warped_window_diagonal_connecting_horizontal.json	333	94cc4a09c702af3594cf0dea28556dd6f05e9e473127753504350d8e0bc1fd00
model	assets/rechiseledcreate/models/block/warped_window_large.json	501	9f3140623ea43eecb985c1b2a888f2ae7a45b548071d5e1418dcc48a5e784c7d
model	assets/rechiseledcreate/models/block/warped_window_large_connecting.json	2739	6b01d79c821c8a30fd73da689e63d49fb9f5015e3388728da023492d71d311ab
model	assets/rechiseledcreate/models/block/warped_window_large_connecting_horizontal.json	330	e47e2a09349ad1ddfac519268b861c104671ba123c0b080eccedfdf35cb2c5f3
model	assets/rechiseledcreate/models/block/warped_window_panes.json	501	ca711ce49db44387ea051aed54a5299778aa7bb9f9928e974ee4636e8b4f5575
model	assets/rechiseledcreate/models/block/warped_window_panes_connecting.json	2739	86b0f39a1ab7f3a00873ae76006a07e0bbb7d205a4afec990e699ab1be2f758d
model	assets/rechiseledcreate/models/block/warped_window_panes_connecting_horizontal.json	330	4936a718438cd9f894c2a0bf049e6ae0b50ca908c1e283d129c104f2e2403302
model	assets/rechiseledcreate/models/block/warped_window_rounded.json	515	70f9751310409d4d7f20fa83e577582764086c0de766451f28175776dfc2175e
model	assets/rechiseledcreate/models/block/warped_window_rounded_connecting.json	2759	205315cc6f1ac2ec593db7619c04c1ff5866593f6c481bc1a37ee0e74216e494
model	assets/rechiseledcreate/models/block/warped_window_rounded_connecting_horizontal.json	332	b97a5b79d4be666dca5fca01b85f786e049670af4b39d9083dfb5a09a2206f93
model	assets/rechiseledcreate/models/block/warped_window_slim.json	494	db937a160a3b388e909cd0d8a831164351262dc6d07ea3ede19a8d556cad2404
model	assets/rechiseledcreate/models/block/warped_window_slim_connecting.json	2729	0e800cdbd7e1889a4b3637b6aa357a7d18be3153cdd82e9fc907282a64afcfa8
model	assets/rechiseledcreate/models/block/warped_window_slim_connecting_horizontal.json	329	a4dea7e90189f0eba779c9af9ae116467922ba1e334c73087b6eba0eefc02612
model	assets/rechiseledcreate/models/block/warped_window_tiles.json	501	f841b2eb5e1695ae53d80f5180c20842f7dab58b44e84d225941588b3e05a5eb
model	assets/rechiseledcreate/models/block/warped_window_tiles_connecting.json	2739	30b28806088819680f283d21d7ec1fd57d256a4c0c0ad427815ee19b1cdef005
model	assets/rechiseledcreate/models/block/warped_window_tiles_connecting_horizontal.json	330	94840d6e658a6bdbf7b1666172565d0bee8acee3af4069acbc886834f33aace4
texture	assets/rechiseledcreate/textures/block/acacia_window_covered_end.png	275	e0606e7ff31f8990728683a4281440844c0ac8f9cc9fc3e597378203efc9ec18
texture	assets/rechiseledcreate/textures/block/acacia_window_covered_side.png	1148	70f774aec7d7fa3a792bb6839677a6c0eebbb17b10ce013e3f1ab01255d337e7
metadata	assets/rechiseledcreate/textures/block/acacia_window_covered_side.png.mcmeta	120	0a79f54e5c113cb6c87cda4025a0118cfa830c48a62251945da06f70f9de152f
texture	assets/rechiseledcreate/textures/block/acacia_window_diagonal_end.png	275	e0606e7ff31f8990728683a4281440844c0ac8f9cc9fc3e597378203efc9ec18
texture	assets/rechiseledcreate/textures/block/acacia_window_diagonal_side.png	1317	37f8124a2bcb0d25aef3cf186d382ca1193ceaf1326d6c4f7405627125b1d68a
metadata	assets/rechiseledcreate/textures/block/acacia_window_diagonal_side.png.mcmeta	120	0a79f54e5c113cb6c87cda4025a0118cfa830c48a62251945da06f70f9de152f
texture	assets/rechiseledcreate/textures/block/acacia_window_large_end.png	275	e0606e7ff31f8990728683a4281440844c0ac8f9cc9fc3e597378203efc9ec18
texture	assets/rechiseledcreate/textures/block/acacia_window_large_side.png	1063	4083ab6b68621111cacbf4bb85d0c062c180d2b20d7c6ecad298739fef465e9a
metadata	assets/rechiseledcreate/textures/block/acacia_window_large_side.png.mcmeta	120	0a79f54e5c113cb6c87cda4025a0118cfa830c48a62251945da06f70f9de152f
texture	assets/rechiseledcreate/textures/block/acacia_window_panes_end.png	275	e0606e7ff31f8990728683a4281440844c0ac8f9cc9fc3e597378203efc9ec18
texture	assets/rechiseledcreate/textures/block/acacia_window_panes_side.png	1245	0a601a73420f84050afb8f9952af48f9eefee63df419923de5446120587502b6
metadata	assets/rechiseledcreate/textures/block/acacia_window_panes_side.png.mcmeta	120	0a79f54e5c113cb6c87cda4025a0118cfa830c48a62251945da06f70f9de152f
texture	assets/rechiseledcreate/textures/block/acacia_window_rounded_end.png	275	e0606e7ff31f8990728683a4281440844c0ac8f9cc9fc3e597378203efc9ec18
texture	assets/rechiseledcreate/textures/block/acacia_window_rounded_side.png	1103	df7b8eb2871eac89f79630b7dec814309d2211b92b565cda6f61a57db5598762
metadata	assets/rechiseledcreate/textures/block/acacia_window_rounded_side.png.mcmeta	120	0a79f54e5c113cb6c87cda4025a0118cfa830c48a62251945da06f70f9de152f
texture	assets/rechiseledcreate/textures/block/acacia_window_slim_end.png	275	e0606e7ff31f8990728683a4281440844c0ac8f9cc9fc3e597378203efc9ec18
texture	assets/rechiseledcreate/textures/block/acacia_window_slim_side.png	1160	5167b3939ae241d711d8efd2033c2e9dd4e280808124bd3b5dc302cca3ddf067
metadata	assets/rechiseledcreate/textures/block/acacia_window_slim_side.png.mcmeta	120	0a79f54e5c113cb6c87cda4025a0118cfa830c48a62251945da06f70f9de152f
texture	assets/rechiseledcreate/textures/block/acacia_window_swirling_end.png	275	e0606e7ff31f8990728683a4281440844c0ac8f9cc9fc3e597378203efc9ec18
texture	assets/rechiseledcreate/textures/block/acacia_window_swirling_side.png	1598	53c60fb91f25af88e4fe597cf10f622cd95167bd9161ca3bdb4720a8818b5d1c
metadata	assets/rechiseledcreate/textures/block/acacia_window_swirling_side.png.mcmeta	120	0a79f54e5c113cb6c87cda4025a0118cfa830c48a62251945da06f70f9de152f
texture	assets/rechiseledcreate/textures/block/acacia_window_tiles_end.png	275	e0606e7ff31f8990728683a4281440844c0ac8f9cc9fc3e597378203efc9ec18
texture	assets/rechiseledcreate/textures/block/acacia_window_tiles_side.png	2145	ebdb3e385ae73e2de4058e13537af4fb37346b135eff682f7ce31b010638e4cf
metadata	assets/rechiseledcreate/textures/block/acacia_window_tiles_side.png.mcmeta	96	cf1a8048702ec54035777aaf3acb1153c2512efaa3dc99ac02709796c8daeaa5
texture	assets/rechiseledcreate/textures/block/andesite_cut_polished.png	1270	1c0a2b969617b498316eb34e00e8531454215b872882122cb331739c358dd0ab
metadata	assets/rechiseledcreate/textures/block/andesite_cut_polished.png.mcmeta	103	cd5fc883f73b7e2b47e0c70303719ec45810b3a55e00cd342c57d9ac4d9acb61
texture	assets/rechiseledcreate/textures/block/andesite_cut_small_brick.png	1162	e1b69d4b8b828786b22e17c9be3bf08c6bcf1102eddedb5b6ed65f583fa38a18
metadata	assets/rechiseledcreate/textures/block/andesite_cut_small_brick.png.mcmeta	103	cd5fc883f73b7e2b47e0c70303719ec45810b3a55e00cd342c57d9ac4d9acb61
texture	assets/rechiseledcreate/textures/block/asurine_cut_polished.png	1193	e20037f87b737c3335da226b48355ddf799e9f010444985f1ef98392a1377f92
metadata	assets/rechiseledcreate/textures/block/asurine_cut_polished.png.mcmeta	103	cd5fc883f73b7e2b47e0c70303719ec45810b3a55e00cd342c57d9ac4d9acb61
texture	assets/rechiseledcreate/textures/block/asurine_cut_small_brick.png	1459	f65083eb940111feabe6217982fb16e6dd92265b37d2a23d5acd9f562cce6fd9
metadata	assets/rechiseledcreate/textures/block/asurine_cut_small_brick.png.mcmeta	103	cd5fc883f73b7e2b47e0c70303719ec45810b3a55e00cd342c57d9ac4d9acb61
texture	assets/rechiseledcreate/textures/block/birch_window_bars_end.png	277	df2ef3f45116ecb2f20f610756a757aa5f242254b24e3e2f5b064ad9ecb572f1
texture	assets/rechiseledcreate/textures/block/birch_window_bars_side.png	795	495d383259f8205153f72bf312c0f672b27cc4eb42c81325ebfc0ec81a55e7a9
metadata	assets/rechiseledcreate/textures/block/birch_window_bars_side.png.mcmeta	120	0a79f54e5c113cb6c87cda4025a0118cfa830c48a62251945da06f70f9de152f
texture	assets/rechiseledcreate/textures/block/birch_window_diagonal_end.png	277	df2ef3f45116ecb2f20f610756a757aa5f242254b24e3e2f5b064ad9ecb572f1
texture	assets/rechiseledcreate/textures/block/birch_window_diagonal_side.png	1325	a0e2fabfa5c57871cf459e74fef49f9511975573886f2db059281a49fefe43df
metadata	assets/rechiseledcreate/textures/block/birch_window_diagonal_side.png.mcmeta	120	0a79f54e5c113cb6c87cda4025a0118cfa830c48a62251945da06f70f9de152f
texture	assets/rechiseledcreate/textures/block/birch_window_large_end.png	277	df2ef3f45116ecb2f20f610756a757aa5f242254b24e3e2f5b064ad9ecb572f1
texture	assets/rechiseledcreate/textures/block/birch_window_large_side.png	1072	1b45d0e5ea571ea795baf5dcaf160c73d637be4afe4f021543a300e36612bf06
metadata	assets/rechiseledcreate/textures/block/birch_window_large_side.png.mcmeta	120	0a79f54e5c113cb6c87cda4025a0118cfa830c48a62251945da06f70f9de152f
texture	assets/rechiseledcreate/textures/block/birch_window_panes_end.png	277	df2ef3f45116ecb2f20f610756a757aa5f242254b24e3e2f5b064ad9ecb572f1
texture	assets/rechiseledcreate/textures/block/birch_window_panes_side.png	1224	a7399f60d157c1799f614a0f556345b4253aa66e1fc91d25fcaf3f7b68cf5448
metadata	assets/rechiseledcreate/textures/block/birch_window_panes_side.png.mcmeta	120	0a79f54e5c113cb6c87cda4025a0118cfa830c48a62251945da06f70f9de152f
texture	assets/rechiseledcreate/textures/block/birch_window_rounded_end.png	277	df2ef3f45116ecb2f20f610756a757aa5f242254b24e3e2f5b064ad9ecb572f1
texture	assets/rechiseledcreate/textures/block/birch_window_rounded_side.png	1126	613536bdcddb1cd6ff73343b6531f47d1a0ddd8df7b823f23bdacb5b15b0fdab
metadata	assets/rechiseledcreate/textures/block/birch_window_rounded_side.png.mcmeta	120	0a79f54e5c113cb6c87cda4025a0118cfa830c48a62251945da06f70f9de152f
texture	assets/rechiseledcreate/textures/block/birch_window_slim_end.png	277	df2ef3f45116ecb2f20f610756a757aa5f242254b24e3e2f5b064ad9ecb572f1
texture	assets/rechiseledcreate/textures/block/birch_window_slim_side.png	1163	2a3aaccc3c8f5ff2b7e85a27491d22d303f201577f335502341b4a13569dc1fd
metadata	assets/rechiseledcreate/textures/block/birch_window_slim_side.png.mcmeta	120	0a79f54e5c113cb6c87cda4025a0118cfa830c48a62251945da06f70f9de152f
texture	assets/rechiseledcreate/textures/block/birch_window_swirling_end.png	277	df2ef3f45116ecb2f20f610756a757aa5f242254b24e3e2f5b064ad9ecb572f1
texture	assets/rechiseledcreate/textures/block/birch_window_swirling_side.png	1637	8e868bc237268eab813d9ae7905ff5380953df1c378a4162d88caeea153b3273
metadata	assets/rechiseledcreate/textures/block/birch_window_swirling_side.png.mcmeta	120	0a79f54e5c113cb6c87cda4025a0118cfa830c48a62251945da06f70f9de152f
texture	assets/rechiseledcreate/textures/block/birch_window_tiles_end.png	277	df2ef3f45116ecb2f20f610756a757aa5f242254b24e3e2f5b064ad9ecb572f1
texture	assets/rechiseledcreate/textures/block/birch_window_tiles_side.png	2149	4f0020e3dcf19ca86aae3f229457c8db4c1ab43aa4fd9f79dfbd7b096492577e
metadata	assets/rechiseledcreate/textures/block/birch_window_tiles_side.png.mcmeta	96	cf1a8048702ec54035777aaf3acb1153c2512efaa3dc99ac02709796c8daeaa5
texture	assets/rechiseledcreate/textures/block/calcite_cut_polished.png	1248	7740bb6fe001c92276284da9afa403880d4cfbfbfc076e013c56770e53167407
metadata	assets/rechiseledcreate/textures/block/calcite_cut_polished.png.mcmeta	103	cd5fc883f73b7e2b47e0c70303719ec45810b3a55e00cd342c57d9ac4d9acb61
texture	assets/rechiseledcreate/textures/block/calcite_cut_small_brick.png	1445	b206687800937e4fd14fbbf74252f8e602b6123912addd784b7abccf357f44b6
metadata	assets/rechiseledcreate/textures/block/calcite_cut_small_brick.png.mcmeta	103	cd5fc883f73b7e2b47e0c70303719ec45810b3a55e00cd342c57d9ac4d9acb61
texture	assets/rechiseledcreate/textures/block/crimsite_cut_polished.png	1209	236d84a2cd0b009ac61e770587a15b62e25c2937f74c3f8fac6c062ff2987edf
metadata	assets/rechiseledcreate/textures/block/crimsite_cut_polished.png.mcmeta	103	cd5fc883f73b7e2b47e0c70303719ec45810b3a55e00cd342c57d9ac4d9acb61
texture	assets/rechiseledcreate/textures/block/crimsite_cut_small_brick.png	1092	1774322343cd68519393654bb5cecc6300a6c187542a49d8f3b29de032e6c35a
metadata	assets/rechiseledcreate/textures/block/crimsite_cut_small_brick.png.mcmeta	103	cd5fc883f73b7e2b47e0c70303719ec45810b3a55e00cd342c57d9ac4d9acb61
texture	assets/rechiseledcreate/textures/block/crimson_window_bars_end.png	272	ef17930f39b3f2eff9541b02e775835744e4e14e2822dfe8a0a8c5be0219a6ef
texture	assets/rechiseledcreate/textures/block/crimson_window_bars_side.png	782	5a0371000ab970e46451fcb439b846b1468b0edfca8bb0145303aa75247bef3f
metadata	assets/rechiseledcreate/textures/block/crimson_window_bars_side.png.mcmeta	120	0a79f54e5c113cb6c87cda4025a0118cfa830c48a62251945da06f70f9de152f
texture	assets/rechiseledcreate/textures/block/crimson_window_covered_end.png	272	ef17930f39b3f2eff9541b02e775835744e4e14e2822dfe8a0a8c5be0219a6ef
texture	assets/rechiseledcreate/textures/block/crimson_window_covered_side.png	1146	328ebf1e408fd30b81d98dcf49e0d953583f9ccf2b095c0e1ae7ec8ed1308f95
metadata	assets/rechiseledcreate/textures/block/crimson_window_covered_side.png.mcmeta	120	0a79f54e5c113cb6c87cda4025a0118cfa830c48a62251945da06f70f9de152f
texture	assets/rechiseledcreate/textures/block/crimson_window_large_end.png	272	ef17930f39b3f2eff9541b02e775835744e4e14e2822dfe8a0a8c5be0219a6ef
texture	assets/rechiseledcreate/textures/block/crimson_window_large_side.png	1065	9efe9ccf5465b41edc1ee85d5eedd8e6d1f690fa6c10ac9eb3b8ea3810dad45b
metadata	assets/rechiseledcreate/textures/block/crimson_window_large_side.png.mcmeta	120	0a79f54e5c113cb6c87cda4025a0118cfa830c48a62251945da06f70f9de152f
texture	assets/rechiseledcreate/textures/block/crimson_window_panes_end.png	272	ef17930f39b3f2eff9541b02e775835744e4e14e2822dfe8a0a8c5be0219a6ef
texture	assets/rechiseledcreate/textures/block/crimson_window_panes_side.png	1246	2b2dffe731600f4b152fdab2e49f24b8e564232ea20596d8cf9586bc2b34012a
metadata	assets/rechiseledcreate/textures/block/crimson_window_panes_side.png.mcmeta	120	0a79f54e5c113cb6c87cda4025a0118cfa830c48a62251945da06f70f9de152f
texture	assets/rechiseledcreate/textures/block/crimson_window_rounded_end.png	272	ef17930f39b3f2eff9541b02e775835744e4e14e2822dfe8a0a8c5be0219a6ef
texture	assets/rechiseledcreate/textures/block/crimson_window_rounded_side.png	1100	7d75f76115f8283f6fe6e2cf8df5eba2de472ed2c3c4d712c21114ee0b57ddfd
metadata	assets/rechiseledcreate/textures/block/crimson_window_rounded_side.png.mcmeta	120	0a79f54e5c113cb6c87cda4025a0118cfa830c48a62251945da06f70f9de152f
texture	assets/rechiseledcreate/textures/block/crimson_window_slim_end.png	272	ef17930f39b3f2eff9541b02e775835744e4e14e2822dfe8a0a8c5be0219a6ef
texture	assets/rechiseledcreate/textures/block/crimson_window_slim_side.png	1161	9378173b3da5509c438394624cdab491952df623b10eccf83d75ec9b70322c74
metadata	assets/rechiseledcreate/textures/block/crimson_window_slim_side.png.mcmeta	120	0a79f54e5c113cb6c87cda4025a0118cfa830c48a62251945da06f70f9de152f
texture	assets/rechiseledcreate/textures/block/crimson_window_swirling_end.png	272	ef17930f39b3f2eff9541b02e775835744e4e14e2822dfe8a0a8c5be0219a6ef
texture	assets/rechiseledcreate/textures/block/crimson_window_swirling_side.png	1595	428032d780e7fe4e631959cc3031f57b982984ff55d87b0a6515b7bbe5846f35
metadata	assets/rechiseledcreate/textures/block/crimson_window_swirling_side.png.mcmeta	120	0a79f54e5c113cb6c87cda4025a0118cfa830c48a62251945da06f70f9de152f
texture	assets/rechiseledcreate/textures/block/crimson_window_tiles_end.png	272	ef17930f39b3f2eff9541b02e775835744e4e14e2822dfe8a0a8c5be0219a6ef
texture	assets/rechiseledcreate/textures/block/crimson_window_tiles_side.png	2148	1202dab34df4976e2bdd62b5445fd43334f57067490d9bbacf41908bcb5ece3a
metadata	assets/rechiseledcreate/textures/block/crimson_window_tiles_side.png.mcmeta	96	cf1a8048702ec54035777aaf3acb1153c2512efaa3dc99ac02709796c8daeaa5
texture	assets/rechiseledcreate/textures/block/dark_oak_window_bars_end.png	271	60ee9933a6f08e1ff3fd2381e3ced2d7870c52b2d0cb1e0a1f39580d2e64a235
texture	assets/rechiseledcreate/textures/block/dark_oak_window_bars_side.png	780	374933bbcb9f9534ac7bb03c8d5b8be7d2ecae76a5f4c4e49daf497b4dde963f
metadata	assets/rechiseledcreate/textures/block/dark_oak_window_bars_side.png.mcmeta	120	0a79f54e5c113cb6c87cda4025a0118cfa830c48a62251945da06f70f9de152f
texture	assets/rechiseledcreate/textures/block/dark_oak_window_covered_end.png	271	60ee9933a6f08e1ff3fd2381e3ced2d7870c52b2d0cb1e0a1f39580d2e64a235
texture	assets/rechiseledcreate/textures/block/dark_oak_window_covered_side.png	1142	beded00cbe70f0d64eb03866769d81e26e2167d35787b6418645e061c7d1ec25
metadata	assets/rechiseledcreate/textures/block/dark_oak_window_covered_side.png.mcmeta	120	0a79f54e5c113cb6c87cda4025a0118cfa830c48a62251945da06f70f9de152f
texture	assets/rechiseledcreate/textures/block/dark_oak_window_diagonal_end.png	271	60ee9933a6f08e1ff3fd2381e3ced2d7870c52b2d0cb1e0a1f39580d2e64a235
texture	assets/rechiseledcreate/textures/block/dark_oak_window_diagonal_side.png	1312	9b802acaafef97353b9c0654e02e7f3752fd5273a6ead23a96351b1add4fc111
metadata	assets/rechiseledcreate/textures/block/dark_oak_window_diagonal_side.png.mcmeta	120	0a79f54e5c113cb6c87cda4025a0118cfa830c48a62251945da06f70f9de152f
texture	assets/rechiseledcreate/textures/block/dark_oak_window_panes_end.png	271	60ee9933a6f08e1ff3fd2381e3ced2d7870c52b2d0cb1e0a1f39580d2e64a235
texture	assets/rechiseledcreate/textures/block/dark_oak_window_panes_side.png	1247	d1f43c7e8d01087794542131d6e861a472976b599aefc60b73fee2e51fdd9376
metadata	assets/rechiseledcreate/textures/block/dark_oak_window_panes_side.png.mcmeta	120	0a79f54e5c113cb6c87cda4025a0118cfa830c48a62251945da06f70f9de152f
texture	assets/rechiseledcreate/textures/block/dark_oak_window_rounded_end.png	271	60ee9933a6f08e1ff3fd2381e3ced2d7870c52b2d0cb1e0a1f39580d2e64a235
texture	assets/rechiseledcreate/textures/block/dark_oak_window_rounded_side.png	1098	3c7869ca574f468f979dc59a1f0dd6d739af235c2cf07b683a4fadaa540c68ff
metadata	assets/rechiseledcreate/textures/block/dark_oak_window_rounded_side.png.mcmeta	120	0a79f54e5c113cb6c87cda4025a0118cfa830c48a62251945da06f70f9de152f
texture	assets/rechiseledcreate/textures/block/dark_oak_window_slim_end.png	271	60ee9933a6f08e1ff3fd2381e3ced2d7870c52b2d0cb1e0a1f39580d2e64a235
texture	assets/rechiseledcreate/textures/block/dark_oak_window_slim_side.png	1160	c706ed914ba884cc0773db593c2574643050d54638ce4f055f0f791a3d9332b1
metadata	assets/rechiseledcreate/textures/block/dark_oak_window_slim_side.png.mcmeta	120	0a79f54e5c113cb6c87cda4025a0118cfa830c48a62251945da06f70f9de152f
texture	assets/rechiseledcreate/textures/block/dark_oak_window_swirling_end.png	271	60ee9933a6f08e1ff3fd2381e3ced2d7870c52b2d0cb1e0a1f39580d2e64a235
texture	assets/rechiseledcreate/textures/block/dark_oak_window_swirling_side.png	1594	ceba1ab098f8b52aa4716a0f58bc825d94af4c837c123dbbfb949ed958156d16
metadata	assets/rechiseledcreate/textures/block/dark_oak_window_swirling_side.png.mcmeta	120	0a79f54e5c113cb6c87cda4025a0118cfa830c48a62251945da06f70f9de152f
texture	assets/rechiseledcreate/textures/block/dark_oak_window_tiles_end.png	271	60ee9933a6f08e1ff3fd2381e3ced2d7870c52b2d0cb1e0a1f39580d2e64a235
texture	assets/rechiseledcreate/textures/block/dark_oak_window_tiles_side.png	2148	549b313daf15a6503c3360242cb71d05df3769990ab6066bbc79da28475ca0ee
metadata	assets/rechiseledcreate/textures/block/dark_oak_window_tiles_side.png.mcmeta	96	cf1a8048702ec54035777aaf3acb1153c2512efaa3dc99ac02709796c8daeaa5
texture	assets/rechiseledcreate/textures/block/deepslate_cut_polished.png	1247	bd6e31aa5a91f25c6507732f591351f07cf83f0de282fa7d5e8417ed503d35dc
metadata	assets/rechiseledcreate/textures/block/deepslate_cut_polished.png.mcmeta	103	cd5fc883f73b7e2b47e0c70303719ec45810b3a55e00cd342c57d9ac4d9acb61
texture	assets/rechiseledcreate/textures/block/deepslate_cut_small_brick.png	1308	00f259af9551e4404886fae93c0271ff46c5643027185aa814c4423a173f8703
metadata	assets/rechiseledcreate/textures/block/deepslate_cut_small_brick.png.mcmeta	103	cd5fc883f73b7e2b47e0c70303719ec45810b3a55e00cd342c57d9ac4d9acb61
texture	assets/rechiseledcreate/textures/block/diorite_cut_polished.png	1309	5432c08583ff1f1e41633b4b36acd8f44dd69d04aa4edf0c572fcbe454a87efe
metadata	assets/rechiseledcreate/textures/block/diorite_cut_polished.png.mcmeta	103	cd5fc883f73b7e2b47e0c70303719ec45810b3a55e00cd342c57d9ac4d9acb61
texture	assets/rechiseledcreate/textures/block/diorite_cut_small_brick.png	1234	1aaa5c7ab82561fc5c1a46a8754bf64f557305962511de58939d1882a8eeb39e
metadata	assets/rechiseledcreate/textures/block/diorite_cut_small_brick.png.mcmeta	103	cd5fc883f73b7e2b47e0c70303719ec45810b3a55e00cd342c57d9ac4d9acb61
texture	assets/rechiseledcreate/textures/block/dripstone_cut_polished.png	1155	ca8f049343d88295fa3dd18e3f56c3ad5a800b78f401a30f9b100d5aee1f02df
metadata	assets/rechiseledcreate/textures/block/dripstone_cut_polished.png.mcmeta	103	cd5fc883f73b7e2b47e0c70303719ec45810b3a55e00cd342c57d9ac4d9acb61
texture	assets/rechiseledcreate/textures/block/dripstone_cut_small_brick.png	1481	7d2210b845e0048d986a90c8e7fb7da617569fe12431dd2060a6212f5a8ffba5
metadata	assets/rechiseledcreate/textures/block/dripstone_cut_small_brick.png.mcmeta	103	cd5fc883f73b7e2b47e0c70303719ec45810b3a55e00cd342c57d9ac4d9acb61
texture	assets/rechiseledcreate/textures/block/granite_cut_polished.png	1251	7f32b45c823baa8ba8a16f40234bd26e04f1e10cd043017301dcdc40872f148f
metadata	assets/rechiseledcreate/textures/block/granite_cut_polished.png.mcmeta	103	cd5fc883f73b7e2b47e0c70303719ec45810b3a55e00cd342c57d9ac4d9acb61
texture	assets/rechiseledcreate/textures/block/granite_cut_small_brick.png	1493	6d140501e62d1734c30091efeae4f469e275b04988311d9b488545060ce5d504
metadata	assets/rechiseledcreate/textures/block/granite_cut_small_brick.png.mcmeta	103	cd5fc883f73b7e2b47e0c70303719ec45810b3a55e00cd342c57d9ac4d9acb61
texture	assets/rechiseledcreate/textures/block/jungle_window_bars_end.png	274	99de7dfbf2536adf3c897185351ee3c82e7b336e2b185745d8fbb2fcf1d1d1db
texture	assets/rechiseledcreate/textures/block/jungle_window_bars_side.png	785	873eb398b5020e4a765a3f0bab66b478298decd3faf3cab84967411a3a8a689e
metadata	assets/rechiseledcreate/textures/block/jungle_window_bars_side.png.mcmeta	120	0a79f54e5c113cb6c87cda4025a0118cfa830c48a62251945da06f70f9de152f
texture	assets/rechiseledcreate/textures/block/jungle_window_covered_end.png	274	99de7dfbf2536adf3c897185351ee3c82e7b336e2b185745d8fbb2fcf1d1d1db
texture	assets/rechiseledcreate/textures/block/jungle_window_covered_side.png	1148	7203f80666129878ea4146988fdb81f8d0362b18d723ae88c9c5d4f6ebeb5153
metadata	assets/rechiseledcreate/textures/block/jungle_window_covered_side.png.mcmeta	120	0a79f54e5c113cb6c87cda4025a0118cfa830c48a62251945da06f70f9de152f
texture	assets/rechiseledcreate/textures/block/jungle_window_diagonal_end.png	274	99de7dfbf2536adf3c897185351ee3c82e7b336e2b185745d8fbb2fcf1d1d1db
texture	assets/rechiseledcreate/textures/block/jungle_window_diagonal_side.png	1316	86378da4e49c951d25cbb1b371bcf7e2c71c6ec04ceb8aa45c67ae0709d6724a
metadata	assets/rechiseledcreate/textures/block/jungle_window_diagonal_side.png.mcmeta	120	0a79f54e5c113cb6c87cda4025a0118cfa830c48a62251945da06f70f9de152f
texture	assets/rechiseledcreate/textures/block/jungle_window_large_end.png	274	99de7dfbf2536adf3c897185351ee3c82e7b336e2b185745d8fbb2fcf1d1d1db
texture	assets/rechiseledcreate/textures/block/jungle_window_large_side.png	1069	c122127b5ecabab70f10ba69c9c3fa8db6394fb19929a68de5b305b78443118a
metadata	assets/rechiseledcreate/textures/block/jungle_window_large_side.png.mcmeta	120	0a79f54e5c113cb6c87cda4025a0118cfa830c48a62251945da06f70f9de152f
texture	assets/rechiseledcreate/textures/block/jungle_window_panes_end.png	274	99de7dfbf2536adf3c897185351ee3c82e7b336e2b185745d8fbb2fcf1d1d1db
texture	assets/rechiseledcreate/textures/block/jungle_window_panes_side.png	1246	3d68ad7b32c700d59cc932ff83203b3db5c1dba341d0393a7872d493a9f9c85f
metadata	assets/rechiseledcreate/textures/block/jungle_window_panes_side.png.mcmeta	120	0a79f54e5c113cb6c87cda4025a0118cfa830c48a62251945da06f70f9de152f
texture	assets/rechiseledcreate/textures/block/jungle_window_rounded_end.png	274	99de7dfbf2536adf3c897185351ee3c82e7b336e2b185745d8fbb2fcf1d1d1db
texture	assets/rechiseledcreate/textures/block/jungle_window_rounded_side.png	1102	eaf291f3237af9d76c331d0852f2105bfddc0ccc68c062bdfd224ef0a0ef99f6
metadata	assets/rechiseledcreate/textures/block/jungle_window_rounded_side.png.mcmeta	120	0a79f54e5c113cb6c87cda4025a0118cfa830c48a62251945da06f70f9de152f
texture	assets/rechiseledcreate/textures/block/jungle_window_swirling_end.png	274	99de7dfbf2536adf3c897185351ee3c82e7b336e2b185745d8fbb2fcf1d1d1db
texture	assets/rechiseledcreate/textures/block/jungle_window_swirling_side.png	1596	5cf1429f0d5f23e82b924c6989d438a6664052a2546ec333b57c34d761c0107e
metadata	assets/rechiseledcreate/textures/block/jungle_window_swirling_side.png.mcmeta	120	0a79f54e5c113cb6c87cda4025a0118cfa830c48a62251945da06f70f9de152f
texture	assets/rechiseledcreate/textures/block/jungle_window_tiles_end.png	274	99de7dfbf2536adf3c897185351ee3c82e7b336e2b185745d8fbb2fcf1d1d1db
texture	assets/rechiseledcreate/textures/block/jungle_window_tiles_side.png	2151	9ff1d77b1a95385b3cc51b85ae3068ee92c221ae802cb413110dcdd431450e86
metadata	assets/rechiseledcreate/textures/block/jungle_window_tiles_side.png.mcmeta	96	cf1a8048702ec54035777aaf3acb1153c2512efaa3dc99ac02709796c8daeaa5
texture	assets/rechiseledcreate/textures/block/limestone_cut_polished.png	1179	273f922f29e3eb81d07b1683e08009e50b9aadff33a0c75270ba541ae33841eb
metadata	assets/rechiseledcreate/textures/block/limestone_cut_polished.png.mcmeta	103	cd5fc883f73b7e2b47e0c70303719ec45810b3a55e00cd342c57d9ac4d9acb61
texture	assets/rechiseledcreate/textures/block/limestone_cut_small_brick.png	1329	5368e54cdb49b97fe9ea36b32967c26803d0c3d4aa1ed455137f97cec8fdede2
metadata	assets/rechiseledcreate/textures/block/limestone_cut_small_brick.png.mcmeta	103	cd5fc883f73b7e2b47e0c70303719ec45810b3a55e00cd342c57d9ac4d9acb61
texture	assets/rechiseledcreate/textures/block/mangrove_window_bars_end.png	272	7de6fadc8f0c8e8cbbcf0f4ff838bfbb40ecb550a49a288e09a83eca542e03dc
texture	assets/rechiseledcreate/textures/block/mangrove_window_bars_side.png	781	18ee42609776ab653165f0ed95fdbc64c82d82b6b57d2af7d026c5f841745a56
metadata	assets/rechiseledcreate/textures/block/mangrove_window_bars_side.png.mcmeta	120	0a79f54e5c113cb6c87cda4025a0118cfa830c48a62251945da06f70f9de152f
texture	assets/rechiseledcreate/textures/block/mangrove_window_covered_end.png	272	7de6fadc8f0c8e8cbbcf0f4ff838bfbb40ecb550a49a288e09a83eca542e03dc
texture	assets/rechiseledcreate/textures/block/mangrove_window_covered_side.png	1146	a1b0c53af8d4d8c510544e3be91d81c49cd8e797a693d52b6f12b1b42d66b89d
metadata	assets/rechiseledcreate/textures/block/mangrove_window_covered_side.png.mcmeta	120	0a79f54e5c113cb6c87cda4025a0118cfa830c48a62251945da06f70f9de152f
texture	assets/rechiseledcreate/textures/block/mangrove_window_diagonal_end.png	272	7de6fadc8f0c8e8cbbcf0f4ff838bfbb40ecb550a49a288e09a83eca542e03dc
texture	assets/rechiseledcreate/textures/block/mangrove_window_diagonal_side.png	1314	f6e252fa78d1855da9756108c75a818df87b7cb61b668692e9960e03f7443046
metadata	assets/rechiseledcreate/textures/block/mangrove_window_diagonal_side.png.mcmeta	120	0a79f54e5c113cb6c87cda4025a0118cfa830c48a62251945da06f70f9de152f
texture	assets/rechiseledcreate/textures/block/mangrove_window_large_end.png	272	7de6fadc8f0c8e8cbbcf0f4ff838bfbb40ecb550a49a288e09a83eca542e03dc
texture	assets/rechiseledcreate/textures/block/mangrove_window_large_side.png	1063	a3bc939755dfa4655f4575bc46e45161285f224f0230a3fd215c72776f81fea4
metadata	assets/rechiseledcreate/textures/block/mangrove_window_large_side.png.mcmeta	120	0a79f54e5c113cb6c87cda4025a0118cfa830c48a62251945da06f70f9de152f
texture	assets/rechiseledcreate/textures/block/mangrove_window_panes_end.png	272	7de6fadc8f0c8e8cbbcf0f4ff838bfbb40ecb550a49a288e09a83eca542e03dc
texture	assets/rechiseledcreate/textures/block/mangrove_window_panes_side.png	1243	a43963216c1c7fa594feac1e4fde4d2a38dcee2b03d79027c338478aad823f50
metadata	assets/rechiseledcreate/textures/block/mangrove_window_panes_side.png.mcmeta	120	0a79f54e5c113cb6c87cda4025a0118cfa830c48a62251945da06f70f9de152f
texture	assets/rechiseledcreate/textures/block/mangrove_window_slim_end.png	272	7de6fadc8f0c8e8cbbcf0f4ff838bfbb40ecb550a49a288e09a83eca542e03dc
texture	assets/rechiseledcreate/textures/block/mangrove_window_slim_side.png	1160	0aa942061caf712e7767bb9b2913c0718a2708e2f7ce21cd9ee2937fbd307a12
metadata	assets/rechiseledcreate/textures/block/mangrove_window_slim_side.png.mcmeta	120	0a79f54e5c113cb6c87cda4025a0118cfa830c48a62251945da06f70f9de152f
texture	assets/rechiseledcreate/textures/block/mangrove_window_swirling_end.png	272	7de6fadc8f0c8e8cbbcf0f4ff838bfbb40ecb550a49a288e09a83eca542e03dc
texture	assets/rechiseledcreate/textures/block/mangrove_window_swirling_side.png	1594	7fe00d82dfe06593c298834183ce1804c5a610b2335d43e2be139376b0107a46
metadata	assets/rechiseledcreate/textures/block/mangrove_window_swirling_side.png.mcmeta	120	0a79f54e5c113cb6c87cda4025a0118cfa830c48a62251945da06f70f9de152f
texture	assets/rechiseledcreate/textures/block/mangrove_window_tiles_end.png	272	7de6fadc8f0c8e8cbbcf0f4ff838bfbb40ecb550a49a288e09a83eca542e03dc
texture	assets/rechiseledcreate/textures/block/mangrove_window_tiles_side.png	2145	f7212752292799a7a457ebbe217084f4c7cb44a1846a47bf1f201bf62d538e36
metadata	assets/rechiseledcreate/textures/block/mangrove_window_tiles_side.png.mcmeta	96	cf1a8048702ec54035777aaf3acb1153c2512efaa3dc99ac02709796c8daeaa5
texture	assets/rechiseledcreate/textures/block/oak_window_bars_end.png	275	d9169474004bf5e91fc3cd1da439d85e165e048e6b5d522ce0cd3a4a327c4abb
texture	assets/rechiseledcreate/textures/block/oak_window_bars_side.png	784	08952d9eb288275a0f5ffe65e3e93ca49d49976e2a09704265b93071967e684f
metadata	assets/rechiseledcreate/textures/block/oak_window_bars_side.png.mcmeta	120	0a79f54e5c113cb6c87cda4025a0118cfa830c48a62251945da06f70f9de152f
texture	assets/rechiseledcreate/textures/block/oak_window_covered_end.png	275	d9169474004bf5e91fc3cd1da439d85e165e048e6b5d522ce0cd3a4a327c4abb
texture	assets/rechiseledcreate/textures/block/oak_window_covered_side.png	1149	0e4fc4469cff17f7eecb00bee3929fc1dea33411f01396ea34153789ee68e578
metadata	assets/rechiseledcreate/textures/block/oak_window_covered_side.png.mcmeta	120	0a79f54e5c113cb6c87cda4025a0118cfa830c48a62251945da06f70f9de152f
texture	assets/rechiseledcreate/textures/block/oak_window_diagonal_end.png	275	d9169474004bf5e91fc3cd1da439d85e165e048e6b5d522ce0cd3a4a327c4abb
texture	assets/rechiseledcreate/textures/block/oak_window_diagonal_side.png	1317	97377f49c8499e1e29f87c78cd369c6d2de6de808061db9225b6d84016b5549c
metadata	assets/rechiseledcreate/textures/block/oak_window_diagonal_side.png.mcmeta	120	0a79f54e5c113cb6c87cda4025a0118cfa830c48a62251945da06f70f9de152f
texture	assets/rechiseledcreate/textures/block/oak_window_large_end.png	275	d9169474004bf5e91fc3cd1da439d85e165e048e6b5d522ce0cd3a4a327c4abb
texture	assets/rechiseledcreate/textures/block/oak_window_large_side.png	1069	bd268fb4ff5ec4b740daafb6d2ab431193f1c34b5b2820f20be898f7d682f393
metadata	assets/rechiseledcreate/textures/block/oak_window_large_side.png.mcmeta	120	0a79f54e5c113cb6c87cda4025a0118cfa830c48a62251945da06f70f9de152f
texture	assets/rechiseledcreate/textures/block/oak_window_rounded_end.png	275	d9169474004bf5e91fc3cd1da439d85e165e048e6b5d522ce0cd3a4a327c4abb
texture	assets/rechiseledcreate/textures/block/oak_window_rounded_side.png	1103	a73fbc42eb7e58c87534a015501e7ddb19edf6c3f0430c60b16248718803985e
metadata	assets/rechiseledcreate/textures/block/oak_window_rounded_side.png.mcmeta	120	0a79f54e5c113cb6c87cda4025a0118cfa830c48a62251945da06f70f9de152f
texture	assets/rechiseledcreate/textures/block/oak_window_slim_end.png	275	d9169474004bf5e91fc3cd1da439d85e165e048e6b5d522ce0cd3a4a327c4abb
texture	assets/rechiseledcreate/textures/block/oak_window_slim_side.png	1163	9264a727d4d4d7a8d025c96901c00113e03793099de63d8d148129744198279e
metadata	assets/rechiseledcreate/textures/block/oak_window_slim_side.png.mcmeta	120	0a79f54e5c113cb6c87cda4025a0118cfa830c48a62251945da06f70f9de152f
texture	assets/rechiseledcreate/textures/block/oak_window_swirling_end.png	275	d9169474004bf5e91fc3cd1da439d85e165e048e6b5d522ce0cd3a4a327c4abb
texture	assets/rechiseledcreate/textures/block/oak_window_swirling_side.png	1596	94ce4bcfce951e6f9ec53b6403f0baa72383b35e8eec30560b9094985c539c94
metadata	assets/rechiseledcreate/textures/block/oak_window_swirling_side.png.mcmeta	120	0a79f54e5c113cb6c87cda4025a0118cfa830c48a62251945da06f70f9de152f
texture	assets/rechiseledcreate/textures/block/oak_window_tiles_end.png	275	d9169474004bf5e91fc3cd1da439d85e165e048e6b5d522ce0cd3a4a327c4abb
texture	assets/rechiseledcreate/textures/block/oak_window_tiles_side.png	2276	932508f24e611d29b070e7565c79b20a85d2939c239ab347fd16a3084864c753
metadata	assets/rechiseledcreate/textures/block/oak_window_tiles_side.png.mcmeta	103	cd5fc883f73b7e2b47e0c70303719ec45810b3a55e00cd342c57d9ac4d9acb61
texture	assets/rechiseledcreate/textures/block/ochrum_cut_polished.png	1277	947c314b7fb47b2c092e97bec0a5dd4bf6a12799b1595f96415b32922352365a
metadata	assets/rechiseledcreate/textures/block/ochrum_cut_polished.png.mcmeta	103	cd5fc883f73b7e2b47e0c70303719ec45810b3a55e00cd342c57d9ac4d9acb61
texture	assets/rechiseledcreate/textures/block/ochrum_cut_small_brick.png	1296	9fdac2fa07ac343ea21b26a72fab5dbf2114d34023d14bc31ccc5376089eff40
metadata	assets/rechiseledcreate/textures/block/ochrum_cut_small_brick.png.mcmeta	103	cd5fc883f73b7e2b47e0c70303719ec45810b3a55e00cd342c57d9ac4d9acb61
texture	assets/rechiseledcreate/textures/block/rose_quartz_bricks.png	372	885f716542e767549a242fffab81e5cdbfa0570d505ea23f639e9fce3a761104
metadata	assets/rechiseledcreate/textures/block/rose_quartz_bricks.png.mcmeta	128	fb0ba3f9b6774f88e429e41a0fb8176033fa056ed9b5ff73be7f685aca975e4e
texture	assets/rechiseledcreate/textures/block/rose_quartz_chiseled.png	2578	78e7c835946e724afe449a4b7566b31de4140c5effde3e6efc99093147de5b05
metadata	assets/rechiseledcreate/textures/block/rose_quartz_chiseled.png.mcmeta	103	cd5fc883f73b7e2b47e0c70303719ec45810b3a55e00cd342c57d9ac4d9acb61
texture	assets/rechiseledcreate/textures/block/rose_quartz_crushed.png	4383	19ea4a6444af7b7ef6d3a50c157d98fb036b4351df119ab91fd342927145b992
metadata	assets/rechiseledcreate/textures/block/rose_quartz_crushed.png.mcmeta	103	cd5fc883f73b7e2b47e0c70303719ec45810b3a55e00cd342c57d9ac4d9acb61
texture	assets/rechiseledcreate/textures/block/rose_quartz_polished_block.png	6939	d12a621851e572205cdaad7b1e6524258f7dff531176a9e314819902f673b4cc
metadata	assets/rechiseledcreate/textures/block/rose_quartz_polished_block.png.mcmeta	103	cd5fc883f73b7e2b47e0c70303719ec45810b3a55e00cd342c57d9ac4d9acb61
texture	assets/rechiseledcreate/textures/block/rose_quartz_squares.png	1145	ac4753fe6f2ae4c72ece52a9f67877badb25ca26a4cb44133bc771afb422aa59
metadata	assets/rechiseledcreate/textures/block/rose_quartz_squares.png.mcmeta	103	cd5fc883f73b7e2b47e0c70303719ec45810b3a55e00cd342c57d9ac4d9acb61
texture	assets/rechiseledcreate/textures/block/rose_quartz_tiles.png	1709	2d244844ba2595900e3432609d191fb74f5fe1eb7cb1031e0997c74171d279c9
metadata	assets/rechiseledcreate/textures/block/rose_quartz_tiles.png.mcmeta	103	cd5fc883f73b7e2b47e0c70303719ec45810b3a55e00cd342c57d9ac4d9acb61
texture	assets/rechiseledcreate/textures/block/scorchia_cut_polished.png	1219	8d4c927b8de9c85d4994e107d196ab33846457f904e510f6c1ff3926d69e92c0
metadata	assets/rechiseledcreate/textures/block/scorchia_cut_polished.png.mcmeta	103	cd5fc883f73b7e2b47e0c70303719ec45810b3a55e00cd342c57d9ac4d9acb61
texture	assets/rechiseledcreate/textures/block/scorchia_cut_small_brick.png	2074	d913f56801ed7d20c430c7a8ced6e892e06b5492a24b27c5e1e6bb31a20b28d1
metadata	assets/rechiseledcreate/textures/block/scorchia_cut_small_brick.png.mcmeta	103	cd5fc883f73b7e2b47e0c70303719ec45810b3a55e00cd342c57d9ac4d9acb61
texture	assets/rechiseledcreate/textures/block/scoria_cut_polished.png	1164	4e9b7cdce44f9ddb1833904b627afcdce9cf955c1f3477814a4ee615f45ccb45
metadata	assets/rechiseledcreate/textures/block/scoria_cut_polished.png.mcmeta	103	cd5fc883f73b7e2b47e0c70303719ec45810b3a55e00cd342c57d9ac4d9acb61
texture	assets/rechiseledcreate/textures/block/scoria_cut_small_brick.png	2472	0a11e9e29c848a4d1d590f4738daf154f0973e1aadc8a7daad1fc226563cd428
metadata	assets/rechiseledcreate/textures/block/scoria_cut_small_brick.png.mcmeta	103	cd5fc883f73b7e2b47e0c70303719ec45810b3a55e00cd342c57d9ac4d9acb61
texture	assets/rechiseledcreate/textures/block/spruce_window_bars_end.png	270	71dea577bbd77f048a578353cc7ecb5619c4d9f770f311ef194b549455b53d6a
texture	assets/rechiseledcreate/textures/block/spruce_window_bars_side.png	781	2ebc178b6467b03f58c4158bf2ac73100793dfb403ffc24a6cec09f950f19058
metadata	assets/rechiseledcreate/textures/block/spruce_window_bars_side.png.mcmeta	120	0a79f54e5c113cb6c87cda4025a0118cfa830c48a62251945da06f70f9de152f
texture	assets/rechiseledcreate/textures/block/spruce_window_covered_end.png	270	71dea577bbd77f048a578353cc7ecb5619c4d9f770f311ef194b549455b53d6a
texture	assets/rechiseledcreate/textures/block/spruce_window_covered_side.png	1142	dbdf713da78575f598d766d0a50646378dd84f308baae5b0e6a3f6c9899c004f
metadata	assets/rechiseledcreate/textures/block/spruce_window_covered_side.png.mcmeta	120	0a79f54e5c113cb6c87cda4025a0118cfa830c48a62251945da06f70f9de152f
texture	assets/rechiseledcreate/textures/block/spruce_window_diagonal_end.png	270	71dea577bbd77f048a578353cc7ecb5619c4d9f770f311ef194b549455b53d6a
texture	assets/rechiseledcreate/textures/block/spruce_window_diagonal_side.png	1310	ab602a94e4a2cc1ee4d83ec7246e66d7fa1b09138a4208b98e082e0b72788237
metadata	assets/rechiseledcreate/textures/block/spruce_window_diagonal_side.png.mcmeta	120	0a79f54e5c113cb6c87cda4025a0118cfa830c48a62251945da06f70f9de152f
texture	assets/rechiseledcreate/textures/block/spruce_window_large_end.png	270	71dea577bbd77f048a578353cc7ecb5619c4d9f770f311ef194b549455b53d6a
texture	assets/rechiseledcreate/textures/block/spruce_window_large_side.png	1060	95f82313ffeaa93023746a4bc10dcb1b3cdaab68b0cf50bb0857db268e1232b5
metadata	assets/rechiseledcreate/textures/block/spruce_window_large_side.png.mcmeta	120	0a79f54e5c113cb6c87cda4025a0118cfa830c48a62251945da06f70f9de152f
texture	assets/rechiseledcreate/textures/block/spruce_window_panes_end.png	270	71dea577bbd77f048a578353cc7ecb5619c4d9f770f311ef194b549455b53d6a
texture	assets/rechiseledcreate/textures/block/spruce_window_panes_side.png	1243	ee17920991bafaf80d5c32af20889b03c77928c061b4f66c3d46593753c3d679
metadata	assets/rechiseledcreate/textures/block/spruce_window_panes_side.png.mcmeta	120	0a79f54e5c113cb6c87cda4025a0118cfa830c48a62251945da06f70f9de152f
texture	assets/rechiseledcreate/textures/block/spruce_window_rounded_end.png	270	71dea577bbd77f048a578353cc7ecb5619c4d9f770f311ef194b549455b53d6a
texture	assets/rechiseledcreate/textures/block/spruce_window_rounded_side.png	1099	e6b0eda081011a237354450ece468fafd4373f0e85a05ecc5ee863ee8882d4db
metadata	assets/rechiseledcreate/textures/block/spruce_window_rounded_side.png.mcmeta	120	0a79f54e5c113cb6c87cda4025a0118cfa830c48a62251945da06f70f9de152f
texture	assets/rechiseledcreate/textures/block/spruce_window_slim_end.png	270	71dea577bbd77f048a578353cc7ecb5619c4d9f770f311ef194b549455b53d6a
texture	assets/rechiseledcreate/textures/block/spruce_window_slim_side.png	1157	d13f2b90e31d72951d1ee9e4df2aa38ef5d251e3d52580b02852e4c60058b568
metadata	assets/rechiseledcreate/textures/block/spruce_window_slim_side.png.mcmeta	120	0a79f54e5c113cb6c87cda4025a0118cfa830c48a62251945da06f70f9de152f
texture	assets/rechiseledcreate/textures/block/spruce_window_swirling_end.png	270	71dea577bbd77f048a578353cc7ecb5619c4d9f770f311ef194b549455b53d6a
texture	assets/rechiseledcreate/textures/block/spruce_window_swirling_side.png	1592	4b19a97c55af7087ebee935dc6c3fb87a836e25063a9eff5874f3aebcb735cf9
metadata	assets/rechiseledcreate/textures/block/spruce_window_swirling_side.png.mcmeta	120	0a79f54e5c113cb6c87cda4025a0118cfa830c48a62251945da06f70f9de152f
texture	assets/rechiseledcreate/textures/block/spruce_window_tiles_end.png	270	71dea577bbd77f048a578353cc7ecb5619c4d9f770f311ef194b549455b53d6a
texture	assets/rechiseledcreate/textures/block/spruce_window_tiles_side.png	2147	35ae546ecc99923ec583401efe8ed10fb6248bf827b6f8acc6aa4f2d07cf3a17
metadata	assets/rechiseledcreate/textures/block/spruce_window_tiles_side.png.mcmeta	96	cf1a8048702ec54035777aaf3acb1153c2512efaa3dc99ac02709796c8daeaa5
texture	assets/rechiseledcreate/textures/block/tuff_cut_polished.png	1186	a1e5363df6174c15617f3e19c55fc58ddc7b512f408c2e15e803204ac0c7ace5
metadata	assets/rechiseledcreate/textures/block/tuff_cut_polished.png.mcmeta	103	cd5fc883f73b7e2b47e0c70303719ec45810b3a55e00cd342c57d9ac4d9acb61
texture	assets/rechiseledcreate/textures/block/tuff_cut_small_brick.png	1333	99da93e0950ebe5d65501206e318773d67b8c9e991b61b1eb6b6d1bca51a62f0
metadata	assets/rechiseledcreate/textures/block/tuff_cut_small_brick.png.mcmeta	103	cd5fc883f73b7e2b47e0c70303719ec45810b3a55e00cd342c57d9ac4d9acb61
texture	assets/rechiseledcreate/textures/block/veridium_cut_polished.png	1167	f12f1c10c6ab92b0c1de12c82832ec0e93ac97c047fca0f1040a5e522881bbc5
metadata	assets/rechiseledcreate/textures/block/veridium_cut_polished.png.mcmeta	103	cd5fc883f73b7e2b47e0c70303719ec45810b3a55e00cd342c57d9ac4d9acb61
texture	assets/rechiseledcreate/textures/block/veridium_cut_small_brick.png	1122	a7f2942ed5b4c6fd7e9ca4ab6db13c1ca0c65d0dd9a13f5b7bcf851997b840d4
metadata	assets/rechiseledcreate/textures/block/veridium_cut_small_brick.png.mcmeta	103	cd5fc883f73b7e2b47e0c70303719ec45810b3a55e00cd342c57d9ac4d9acb61
texture	assets/rechiseledcreate/textures/block/warped_window_bars_end.png	273	817fc1b3ed06b49a5e420eea53a1670920d560b2d8c2c454d9a710d288537f1f
texture	assets/rechiseledcreate/textures/block/warped_window_bars_side.png	783	432d9a64a5a391d2b5396edb666656b1f2443b44bdf5c0010a0c721e5b864e11
metadata	assets/rechiseledcreate/textures/block/warped_window_bars_side.png.mcmeta	120	0a79f54e5c113cb6c87cda4025a0118cfa830c48a62251945da06f70f9de152f
texture	assets/rechiseledcreate/textures/block/warped_window_covered_end.png	273	817fc1b3ed06b49a5e420eea53a1670920d560b2d8c2c454d9a710d288537f1f
texture	assets/rechiseledcreate/textures/block/warped_window_covered_side.png	1146	83fd9e32a7c3baa9179ad20a2cc9db21f5c5083c8b7b63973e4978811a164f26
metadata	assets/rechiseledcreate/textures/block/warped_window_covered_side.png.mcmeta	120	0a79f54e5c113cb6c87cda4025a0118cfa830c48a62251945da06f70f9de152f
texture	assets/rechiseledcreate/textures/block/warped_window_diagonal_end.png	273	817fc1b3ed06b49a5e420eea53a1670920d560b2d8c2c454d9a710d288537f1f
texture	assets/rechiseledcreate/textures/block/warped_window_diagonal_side.png	1315	4a7267a1e34d7132d2e2513f6531c107cac6749be48bf312ff802bbeb6cbe56d
metadata	assets/rechiseledcreate/textures/block/warped_window_diagonal_side.png.mcmeta	120	0a79f54e5c113cb6c87cda4025a0118cfa830c48a62251945da06f70f9de152f
texture	assets/rechiseledcreate/textures/block/warped_window_large_end.png	273	817fc1b3ed06b49a5e420eea53a1670920d560b2d8c2c454d9a710d288537f1f
texture	assets/rechiseledcreate/textures/block/warped_window_large_side.png	1064	853e7c3df3fb84d4b03ac1fac8e288849593351ba85c34193d6d3129c22d7e06
metadata	assets/rechiseledcreate/textures/block/warped_window_large_side.png.mcmeta	120	0a79f54e5c113cb6c87cda4025a0118cfa830c48a62251945da06f70f9de152f
texture	assets/rechiseledcreate/textures/block/warped_window_panes_end.png	273	817fc1b3ed06b49a5e420eea53a1670920d560b2d8c2c454d9a710d288537f1f
texture	assets/rechiseledcreate/textures/block/warped_window_panes_side.png	1243	977f2286326023637fd8ea684b75cdcc523ec9216ed06ba78cac4751d560651f
metadata	assets/rechiseledcreate/textures/block/warped_window_panes_side.png.mcmeta	120	0a79f54e5c113cb6c87cda4025a0118cfa830c48a62251945da06f70f9de152f
texture	assets/rechiseledcreate/textures/block/warped_window_rounded_end.png	273	817fc1b3ed06b49a5e420eea53a1670920d560b2d8c2c454d9a710d288537f1f
texture	assets/rechiseledcreate/textures/block/warped_window_rounded_side.png	1101	cc48bc06035c354b5e2d089584d671e5c4233aeb1ee2124f5f5e713d4bc34390
metadata	assets/rechiseledcreate/textures/block/warped_window_rounded_side.png.mcmeta	120	0a79f54e5c113cb6c87cda4025a0118cfa830c48a62251945da06f70f9de152f
texture	assets/rechiseledcreate/textures/block/warped_window_slim_end.png	273	817fc1b3ed06b49a5e420eea53a1670920d560b2d8c2c454d9a710d288537f1f
texture	assets/rechiseledcreate/textures/block/warped_window_slim_side.png	1160	55495b6545c9b22a3f69689516ceb66d8fd99f9e8f3a8221ac765937d723fbce
metadata	assets/rechiseledcreate/textures/block/warped_window_slim_side.png.mcmeta	120	0a79f54e5c113cb6c87cda4025a0118cfa830c48a62251945da06f70f9de152f
texture	assets/rechiseledcreate/textures/block/warped_window_tiles_end.png	273	817fc1b3ed06b49a5e420eea53a1670920d560b2d8c2c454d9a710d288537f1f
texture	assets/rechiseledcreate/textures/block/warped_window_tiles_side.png	2145	8890bdf86e903ed50bd615652777c546e41b4f51c61d6e56d4989862fe2d6f24
metadata	assets/rechiseledcreate/textures/block/warped_window_tiles_side.png.mcmeta	96	cf1a8048702ec54035777aaf3acb1153c2512efaa3dc99ac02709796c8daeaa5
